(2,'8p-WNg7WS9Y','none','Barbell Shoulder Shrug',1,1,1,29,NULL,5,0,0,0,0,'2009-12-10 13:31:33','Thursday',1,NULL,NULL,NULL),
(3,'uyfvc2zVIHQ','none','Dumbbell Shoulder Shrug',1,1,1,29,NULL,5,0,0,0,0,'2009-12-10 13:32:24','Thursday',1,NULL,NULL,NULL),
(4,'lPW2PujjNcQ','none','Dumbbell Fly',1,1,1,26,NULL,5,0,0,0,0,'2009-12-11 14:58:12','Friday',1,NULL,NULL,NULL),
(5,'n17TRQJkZ0s','none','Decline Dumbbell Fly',1,2,2,26,NULL,5,0,0,0,0,'2009-11-25 11:16:03','Wednesday',1,NULL,NULL,NULL),
(6,'cxlLSc6GOY0','none','Incline Dumbbell Fly',1,1,1,25,NULL,5,0,0,0,0,'2009-12-11 15:56:44','Friday',1,NULL,NULL,NULL),
(7,'none','none','Decline Tubing Fly',1,1,1,26,NULL,5,0,1,0,0,'2009-10-27 23:34:53','Tuesday',1,NULL,NULL,NULL),
(8,'6HnlYKl-0x4','none','Incline Tubing Fly',1,1,1,25,NULL,5,0,1,0,0,'2010-01-18 07:55:11','Monday',1,NULL,NULL,NULL),
(9,'Q73NtNUSbFI','none','Flat Tubing Fly',1,1,1,26,NULL,5,0,1,0,0,'2010-01-18 07:58:01','Monday',1,NULL,NULL,NULL),
(10,'14cY-0mpWJ0','none','Dumbbell Pullover',1,3,3,2,NULL,5,1,0,0,0,'2009-12-09 18:35:55','Wednesday',1,NULL,NULL,NULL),
(11,'Sc63ie06RZg','none','Barbell Bench Press',1,1,1,26,NULL,5,1,0,0,0,'2012-02-20 19:25:46','Monday',1,NULL,NULL,NULL),
(12,'Ltb0b-uGQVc','none','Machine Benchpress',1,1,1,26,NULL,5,1,0,0,0,'2009-12-11 13:18:46','Friday',1,NULL,NULL,NULL),
(13,'2krSODp8s9A','none','Decline Barbell Benchpress',1,1,1,26,NULL,5,1,0,0,0,'2009-11-25 11:19:35','Wednesday',1,NULL,NULL,NULL),
(15,'spKCSWIezXA','none','Dumbbell Benchpress',1,1,1,26,NULL,5,1,0,0,0,'2009-12-11 14:13:01','Friday',1,NULL,NULL,NULL),
(16,'EJowoNDJORM','none','Decline Dumbbell Benchpress',1,1,3,26,NULL,5,1,0,0,0,'2009-11-25 11:18:45','Wednesday',1,NULL,NULL,NULL),
(17,'VP9CwLmEoKE','none','Incline Smith Machine Benchpress',1,1,1,25,NULL,5,1,0,0,0,'2009-12-11 15:37:58','Friday',1,NULL,NULL,NULL),
(18,'87Aqk4y3agk','none','Smith Machine Benchpress',1,2,2,26,NULL,5,1,0,0,0,'2009-12-04 11:13:01','Friday',1,NULL,NULL,NULL),
(19,'ikboRFr6jzI','none','Decline Smith Machine Benchpress',1,1,3,26,NULL,5,1,0,0,0,'2009-11-25 11:15:10','Wednesday',1,NULL,NULL,NULL),
(20,'jpj9eOPMhTk','none','Bodybuilder style wide-grip Benchpress',1,4,4,25,NULL,5,1,0,0,0,'2011-06-10 01:49:45','Friday',1,NULL,NULL,NULL),
(21,'PJg1jXSyKzY','none','Pec Deck Fly',1,1,1,26,NULL,5,0,0,0,0,'2009-12-11 14:52:48','Friday',1,NULL,NULL,NULL),
(22,'sEEy4PUZIGw','none','Cable Flies',1,1,1,26,NULL,5,1,0,0,0,'2010-01-08 17:02:27','Friday',1,NULL,NULL,NULL),
(26,'UWYNxZXmd7Q','none','Push Up',1,1,1,26,NULL,5,1,1,0,0,'2009-12-16 06:30:00','Wednesday',3,NULL,NULL,NULL),
(27,'N5FYuw4f9qM','none','Modified Push Up',1,1,1,26,NULL,5,1,1,0,0,'2009-12-11 13:15:25','Friday',3,NULL,NULL,NULL),
(28,'QwRBdutcDNc','none','Incline Push Up',1,1,1,25,NULL,5,1,1,0,0,'2009-12-11 15:47:50','Friday',3,NULL,NULL,NULL),
(29,'QtAqd4lxv88','none','Feet Elevated Push Up',1,1,1,25,NULL,5,1,1,0,0,'2010-01-21 14:12:41','Thursday',3,NULL,NULL,NULL),
(30,'o3HgCuc6u3Y','none','Elbows In Push Up',1,1,1,15,NULL,5,1,1,0,0,'2009-12-15 13:49:41','Tuesday',3,NULL,NULL,NULL),
(31,'F767mTBiNHk','none','Elbows Out Push Up',1,1,1,26,NULL,5,1,1,0,0,'2009-12-11 13:10:19','Friday',3,NULL,NULL,NULL),
(32,'ux6_qN9BsAo','none','Close Hand Push Up',1,1,1,15,NULL,5,1,1,0,1,'2009-11-25 11:24:47','Wednesday',1,NULL,NULL,NULL),
(33,'B78GwfC-87Y','none','Wide Arm Push Up',1,1,1,26,NULL,5,1,1,0,0,'2009-12-07 23:57:00','Monday',3,NULL,NULL,NULL),
(34,'EH5GAP9jLug','none','Stability Ball Push Up',1,1,1,26,NULL,5,1,1,0,0,'2009-12-04 11:11:55','Friday',3,NULL,NULL,NULL),
(35,'5hnPydRluNs','none','T Push Up',1,1,1,26,NULL,2,1,1,0,0,'2009-12-11 15:27:29','Friday',1,NULL,NULL,NULL),
(36,'brc6vXjB_yA','none','Staggered Push Up',1,1,1,26,NULL,5,1,1,0,0,'2009-12-04 11:11:10','Friday',3,NULL,NULL,NULL),
(37,'zNJDIz59Uzs','none','Plyometric Push Up',1,1,1,26,NULL,5,1,1,0,0,'2009-12-11 13:05:25','Friday',2,NULL,NULL,NULL),
(38,'RWbR35pYsow','none','Alternating Stagger Plyometric Push Up',1,1,1,26,NULL,5,1,1,0,0,'2010-01-31 22:39:16','Sunday',2,NULL,NULL,NULL),
(39,'QQ-2n04mOpA','none','Staggered Push Ups, Feet Elevated',1,1,1,25,NULL,5,1,1,0,0,'2010-01-18 09:06:40','Monday',1,NULL,NULL,NULL),
(40,'2vrwjV_qh94','none','Plyometric Alternating Elevated Stagger Push Ups',1,1,1,25,NULL,5,1,1,0,0,'2009-12-16 06:45:35','Wednesday',2,NULL,NULL,NULL),
(41,'3dLhi7qJeY4','none','Extended Position Push Up',1,5,5,26,NULL,2,1,1,0,0,'2009-12-11 15:24:58','Friday',1,NULL,NULL,NULL),
(42,'9rMbdJEgpRo','none','Low Hand Push Up',1,1,1,26,NULL,5,1,1,0,0,'2010-02-02 00:45:37','Tuesday',1,NULL,NULL,NULL),
(43,'tumU5ZM66kI','none','Feet on Wall Pushup',1,3,2,26,NULL,5,1,1,0,0,'2010-01-18 13:44:58','Monday',3,NULL,NULL,NULL),
(44,'wY6Om_kKypw','none','No Feet Push Up',1,4,4,26,NULL,5,1,1,0,0,'2009-12-11 13:12:39','Friday',3,NULL,NULL,NULL),
(45,'g4RHim6PvRk','none','Handstand Push Up',1,4,3,11,NULL,5,1,1,0,0,'2010-01-18 15:34:55','Monday',1,NULL,NULL,NULL),
(46,'none','none','Resistive Band Push-ups',1,3,3,26,NULL,5,1,0,0,0,'2009-11-11 03:01:21','Wednesday',1,NULL,NULL,NULL),
(47,'1thLySkc6pg','none','Seated Lateral Raise',1,1,1,11,NULL,5,0,0,0,0,'2010-01-18 07:33:08','Monday',1,NULL,NULL,NULL),
(48,'0ouiL3QQPlI','none','Standing Lateral Raise',1,1,1,11,NULL,5,0,0,0,0,'2010-01-18 07:33:02','Monday',1,NULL,NULL,NULL),
(49,'d90WQODs7mg','none','Cable Lateral Raise',1,1,1,11,NULL,5,0,0,0,0,'2010-01-18 07:32:53','Monday',1,NULL,NULL,NULL),
(50,'jqD4ElyonhE','none','Seated Front Raise',1,1,1,11,NULL,5,0,0,0,0,'2009-12-15 16:52:04','Tuesday',1,51,NULL,NULL),
(51,'4atNMhSW7Ng','none','Standing Front Raise',1,1,1,11,NULL,5,0,0,0,0,'2009-12-04 11:06:18','Friday',1,NULL,NULL,NULL),
(52,'8BicYkycoRs','none','Cable Front Raise (standing)',1,1,1,11,NULL,5,0,0,0,0,'2009-11-25 11:54:41','Wednesday',1,NULL,NULL,NULL),
(650,'chUrFY3DFmI',NULL,'Barbell Front Raise',NULL,1,1,11,NULL,5,1,NULL,0,0,'2010-01-11 03:36:03','Monday',NULL,51,NULL,NULL),
(54,'krOAInv9ywQ','none','Upright Row',1,1,1,29,NULL,5,1,0,0,0,'2009-12-16 06:03:00','Wednesday',1,NULL,NULL,NULL),
(55,'qSKLoNRx66w','none','Cable Upright Row',1,1,1,29,NULL,5,1,0,0,0,'2011-07-09 12:05:52','Saturday',1,54,NULL,NULL),
(56,'I5sQhqUII50','none','Dumbbell Shoulder Press',1,1,1,11,NULL,5,1,0,0,0,'2009-12-15 16:28:10','Tuesday',1,NULL,NULL,NULL),
(57,'nMr83wYqx4A','none','Machine Shoulder Press',1,1,1,11,NULL,5,1,0,0,0,'2010-01-18 12:38:05','Monday',1,NULL,NULL,NULL),
(58,'AwDgJCJ6xEc','none','Hammer Strength Shoulder Press',1,1,1,11,NULL,5,1,0,0,0,'2009-12-16 06:15:07','Wednesday',1,NULL,NULL,NULL),
(59,'h6b1Zqu1oC0','none','Arnold Presses (standing)',1,1,3,11,NULL,5,1,0,0,0,'2010-01-18 14:55:48','Monday',1,NULL,NULL,NULL),
(60,'601DZCtf6S4','none','Barbell Shoulder Press (seated)',1,1,1,11,NULL,5,1,0,0,0,'2010-01-18 14:50:49','Monday',1,NULL,NULL,NULL),
(61,'Mlmsua2ni5Q','none','Standing Dumbbell Shoulder Press',1,1,1,11,NULL,5,1,0,0,0,'2009-12-04 11:05:19','Friday',1,200,NULL,NULL),
(62,'FHmmYdkFJDU','none','Behind the Head Shoulder Press',1,1,3,11,NULL,5,1,0,0,0,'2011-07-08 18:08:38','Friday',1,NULL,NULL,NULL),
(202,'mf16EUm6Fjw',NULL,'Bent Over Reverse Fly ',NULL,1,1,1,NULL,5,0,NULL,0,0,'2009-12-16 05:51:10','Wednesday',1,391,NULL,NULL),
(65,'DuQbWtFBZZY','none','Dumbbell Curls (standing)',1,1,1,14,NULL,5,0,0,0,0,'2009-12-16 06:23:40','Wednesday',1,NULL,NULL,NULL),
(66,'kLncYxu2XjE','none','Dumbbell Curls (seated)',1,1,1,14,NULL,5,0,0,0,0,'2009-12-15 15:29:00','Tuesday',1,NULL,NULL,NULL),
(67,'r3krXnBROa4','none','Barbell Curls (standing)',1,1,1,14,NULL,5,0,0,0,0,'2009-12-04 11:09:27','Friday',1,NULL,NULL,NULL),
(68,'r3krXnBROa4','none','E-Z Bar Curls (standing)',1,1,1,14,NULL,5,0,0,0,0,'2009-12-16 07:42:49','Wednesday',1,NULL,NULL,NULL),
(69,'YsxJu1PHsjk','none','Hammer Curl (standing)',1,1,1,14,NULL,5,0,0,0,0,'2009-12-04 11:03:55','Friday',1,NULL,NULL,NULL),
(70,'tr-_U3OcchI','none','Concentration Curl (seated)',1,1,1,14,NULL,5,0,0,0,0,'2009-11-25 11:21:18','Wednesday',1,NULL,NULL,NULL),
(71,'NgY-jy1Th1w','none','E-Z Bar Preacher Curl',1,1,1,14,NULL,5,0,0,0,0,'2009-12-16 07:46:33','Wednesday',1,NULL,NULL,NULL),
(72,'C0QX-AKMXXU','none','Single Arm Preacher Curl',1,1,1,14,NULL,5,0,0,0,0,'2009-12-16 07:47:46','Wednesday',1,NULL,NULL,NULL),
(73,'nrny3d_hnkI','none','Barbell Reverse Curl',1,1,1,16,NULL,5,0,0,0,0,'2009-12-15 13:12:59','Tuesday',1,NULL,NULL,NULL),
(74,'4dJ38kflhEs','none','Cable Curl (standing)',1,1,1,14,NULL,5,0,0,0,0,'2009-11-25 11:58:48','Wednesday',1,NULL,NULL,NULL),
(75,'oR83NFugnJU','none','Double Cable (standing) Bicep Curl',1,1,1,14,NULL,5,0,0,0,0,'2009-11-25 11:12:45','Wednesday',1,NULL,NULL,NULL),
(76,'g1zP-I1fmfw','none','Tubing Single Arm Bicep Curls',1,1,1,14,NULL,5,0,1,0,0,'2010-01-18 07:31:36','Monday',1,NULL,NULL,NULL),
(77,'Jb8PSsaGP7A','none','Alternating Incline Dumbbell Curl',1,1,1,14,NULL,5,0,1,0,0,'2009-12-15 15:50:27','Tuesday',1,NULL,NULL,NULL),
(203,'xwBXx15309Q',NULL,'Turkish Get-up',NULL,4,4,9,NULL,2,1,NULL,0,0,'2009-12-10 15:33:25','Thursday',1,NULL,NULL,NULL),
(80,'TQ_UCQd1i-k','none','Machine Curl',1,1,1,14,NULL,5,0,1,0,0,'2010-01-18 12:38:37','Monday',1,NULL,NULL,NULL),
(81,'Yh20UYr80E8','none','Skull Crushers',1,1,1,15,NULL,5,1,0,0,0,'2009-12-15 13:31:32','Tuesday',1,NULL,NULL,NULL),
(83,'6B53Xugvs1s','none','Dips (with weight belt if necessary)',1,1,1,15,NULL,5,1,0,0,0,'2009-11-25 11:13:40','Wednesday',1,NULL,NULL,NULL),
(84,'UScO3kkyuSY','none','Chair/Bench Dips',1,1,1,15,NULL,5,1,0,0,0,'2010-01-18 14:30:26','Monday',1,NULL,NULL,NULL),
(86,'0YZsOLLALe8','none','Standing Tricep Extension',1,1,1,15,NULL,5,0,0,0,0,'2009-12-15 13:59:12','Tuesday',1,NULL,NULL,NULL),
(87,'Vz_SUw0SSIo','none','Seated Tricep Extension',1,1,1,15,NULL,5,0,0,0,0,'2009-12-15 13:58:09','Tuesday',1,NULL,NULL,NULL),
(89,'paTLbj5lZdE','none','Single Arm Tricep Forward Extension',1,1,1,15,NULL,5,0,0,0,0,'2011-06-10 01:50:19','Friday',1,NULL,NULL,NULL),
(90,'RaPqYz4y40c','none','Cable Tricep Push Down',1,1,1,15,NULL,5,0,0,0,0,'2009-12-15 13:56:35','Tuesday',1,NULL,NULL,NULL),
(91,'vcBqlpTzvRU','none','Cable Tricep Push Down (rope grip)',1,1,1,15,NULL,5,0,1,0,0,'2010-01-18 14:32:27','Monday',1,NULL,NULL,NULL),
(92,'Mu7dO7Y9h5I','none','Reverse Grip Cable Tricep Push Down',1,1,1,15,NULL,5,0,0,0,0,'2010-01-18 11:52:53','Monday',1,NULL,NULL,NULL),
(206,'Za4d0xv92_M',NULL,'Neutral Grip Lat Pull-down',NULL,1,1,2,NULL,5,1,NULL,0,0,'2009-12-09 19:48:56','Wednesday',1,NULL,NULL,NULL),
(94,'z95Q6ZfaBvY','none','Cable Forward Triceps Extension',1,1,1,15,NULL,5,0,0,0,0,'2010-01-31 23:16:09','Sunday',1,NULL,NULL,NULL),
(95,'NvTjfu3vVgM','none','Reverse Grip Kickbacks, Cable',1,1,1,15,NULL,5,0,1,0,1,'2010-01-18 11:50:32','Monday',1,NULL,NULL,NULL),
(96,'f-YYXAH7KAQ','none','Single Arm Dumbbell Kickback',1,1,1,15,NULL,5,0,1,0,1,'2009-12-15 13:51:59','Tuesday',1,NULL,NULL,NULL),
(97,'z9T8HGVfMuE','none','Tubing Single Arm Kickbacks',1,1,1,15,NULL,5,0,1,0,1,'2010-01-18 08:03:24','Monday',1,NULL,NULL,NULL),
(103,'Yh20UYr80E8','none','Barbell Lying Tricep Extension',1,1,1,15,NULL,5,0,1,0,0,'2009-12-16 07:17:15','Wednesday',1,NULL,NULL,NULL),
(104,'Z_QWJxigZ9Y','none','Lying Cable Tricep Extension',1,1,1,15,NULL,5,0,1,0,0,'2010-01-18 12:48:39','Monday',1,NULL,NULL,NULL),
(105,'JR0ryIjiArs','none','Lying Tricep Extension, Dumbbells, Reverse Grip',1,1,1,15,NULL,5,0,1,0,0,'2010-01-18 12:43:30','Monday',1,698,NULL,NULL),
(106,'MOcYxg42XfM','none','Seated One Arm Tricep Extension',1,1,1,15,NULL,5,0,1,0,0,'2010-01-18 11:26:21','Monday',1,NULL,NULL,NULL),
(108,'P1ZN3M5zh8E','none','Tubing Lying Triceps Extension',1,1,1,15,NULL,5,0,1,0,0,'2010-01-18 07:51:19','Monday',1,NULL,NULL,NULL),
(110,'GqiUxLaBmEk','none','Barbell Seated Overhead Triceps Extension',1,1,1,15,NULL,5,0,1,0,0,'2010-01-18 07:18:23','Monday',1,NULL,NULL,NULL),
(111,'gpFrVffwy14','none','Tubing Seated Overhead Triceps Extension',1,1,1,15,NULL,5,0,1,0,1,'2010-01-18 07:30:51','Monday',1,NULL,NULL,NULL),
(112,'Vz_SUw0SSIo','none','Dumbbell Seated Overhead Triceps Extension',1,1,1,15,NULL,5,0,1,0,0,'2009-12-15 14:09:00','Tuesday',1,NULL,NULL,NULL),
(113,'Rxyh3WNBBkc','none','Barbell Seated Wrist Curl',1,1,1,16,NULL,5,0,1,0,0,'2010-01-18 14:50:19','Monday',1,NULL,NULL,NULL),
(114,'s8tsuETV1oE','none','Cable Wrist Curl',1,1,1,16,NULL,5,0,1,0,0,'2010-01-18 14:31:31','Monday',1,NULL,NULL,NULL),
(115,'yGthwOzUbzU','none','Dumbbell Wrist Curl',1,1,1,16,NULL,5,0,1,0,0,'2010-01-18 13:52:04','Monday',1,NULL,NULL,NULL),
(116,'YpHs-TboIkQ','none','Tubing Wrist Curl',1,1,1,16,NULL,5,0,1,0,0,'2010-01-18 07:28:11','Monday',1,NULL,NULL,NULL),
(118,'rM92FlMxyQY','none','Cable Reverse Curl',1,1,1,16,NULL,5,0,1,0,0,'2010-01-18 14:37:23','Monday',1,NULL,NULL,NULL),
(119,'YWHG8Yo8y6s','none','Dumbbell Reverse Curl',1,1,1,16,NULL,5,0,1,0,0,'2010-01-18 14:17:11','Monday',1,NULL,NULL,NULL),
(120,'jaAIHnGEeEA','none','Tubing Reverse Curl',1,1,1,16,NULL,5,0,1,0,0,'2010-01-18 07:48:24','Monday',1,NULL,NULL,NULL),
(123,'jijJVKVYkV4','none','Wrist Roller',1,1,1,16,NULL,5,0,1,0,0,'2010-01-18 07:19:40','Monday',1,NULL,NULL,NULL),
(124,'k_CvI1c5DKs','none','T-Bar Row',1,1,1,2,NULL,5,1,0,0,0,'2009-12-04 10:58:58','Friday',1,NULL,NULL,NULL),
(125,'_Uox5SX9HQs','none','Barbell Row',1,1,1,2,NULL,5,1,0,0,0,'2009-12-09 19:45:22','Wednesday',1,NULL,NULL,NULL),
(126,'7-tdLnWd-1A','none','Underhand Barbell Row',1,1,1,2,NULL,5,1,0,0,0,'2009-12-09 19:44:28','Wednesday',1,NULL,NULL,NULL),
(127,'m3TCAlcDlsk','none','Single Arm Dumbbell Row',1,1,1,2,NULL,5,1,0,0,0,'2009-12-04 11:23:39','Friday',1,NULL,NULL,NULL),
(128,'9Fva9EpHnsI','none','Chin up (with Weight Belt if necessary)',1,1,1,2,NULL,5,1,0,0,0,'2010-01-19 03:41:32','Tuesday',1,NULL,NULL,NULL),
(129,'WiV7ww3NhO4','none','Wide Grip Pull Up',1,1,1,2,NULL,5,1,0,0,0,'2009-12-09 18:47:00','Wednesday',1,NULL,NULL,NULL),
(130,'3BFatW8-DVg','none','Pull Up (with Weight Belt if necessary)',1,1,1,2,NULL,5,1,0,0,0,'2010-02-03 00:40:51','Wednesday',1,NULL,NULL,NULL),
(131,'UXdZ7nlvQhw','none','Lat Pulldown',1,1,1,2,NULL,5,1,0,0,0,'2010-01-18 12:54:06','Monday',1,NULL,NULL,NULL),
(132,'jPqU7XOKbrw','none','Seated Cable Row',1,1,1,2,NULL,5,1,0,0,0,'2010-02-03 00:59:56','Wednesday',1,NULL,NULL,NULL),
(133,'WzQAS3eyk04','none','Deadlift',1,1,3,3,NULL,5,1,0,0,0,'2009-12-10 23:27:47','Thursday',1,NULL,NULL,NULL),
(134,'FqNjCUhOnjQ','none','Romanian Deadlift (Barbell)',1,1,3,17,NULL,5,1,0,0,0,'2010-07-07 14:43:33','Wednesday',1,135,NULL,NULL),
(135,'kD4JFmRANmg','none','Dumbbell Romanian Deadlift',1,1,1,17,NULL,5,1,0,0,0,'2009-12-15 12:23:35','Tuesday',1,NULL,NULL,NULL),
(136,'QZ4KxjMFmSk','none','Back Extension',1,1,1,3,NULL,2,0,0,0,0,'2009-12-09 20:23:06','Wednesday',1,NULL,NULL,NULL),
(205,'6xpy302sYoQ',NULL,'Lunge',NULL,1,1,21,NULL,5,1,NULL,0,0,'2009-12-04 00:19:10','Friday',1,NULL,NULL,NULL),
(138,'vN2iWn_5Fk4','none','Dumbbell Lunge',1,1,1,21,NULL,5,1,0,0,1,'2009-12-11 19:57:22','Friday',1,NULL,NULL,NULL),
(139,'22QPAdza41A','none','Good Morning',1,1,3,3,NULL,2,1,0,0,0,'2010-01-18 13:39:51','Monday',1,NULL,NULL,NULL),
(141,'DJIo1pnnAr8','none','Front Squat',1,1,1,18,NULL,5,1,0,0,0,'2009-12-04 01:29:40','Friday',1,NULL,NULL,NULL),
(142,'Jl7k9L2pi-w&NR=1','none','Single Leg Squat',1,2,2,18,NULL,5,1,0,0,1,'2010-02-03 01:26:57','Wednesday',1,NULL,3,NULL),
(143,'LetAVaPosHE','none','Smith Machine Squat',1,1,1,18,NULL,5,1,0,0,0,'2009-12-14 20:05:27','Monday',1,NULL,NULL,NULL),
(145,'Z7ePKl0o7ZA','none','Barbell Calf Raises',1,1,1,19,NULL,5,0,0,0,0,'2010-01-18 14:51:50','Monday',1,NULL,NULL,NULL),
(146,'wXAUyKikDdI','none','Ab Rotation',1,1,1,10,NULL,2,1,0,0,0,'2009-12-15 17:37:02','Tuesday',1,NULL,NULL,NULL),
(147,'6rWsAJm98f4','none','Ball Forward Crunch',1,1,1,7,NULL,2,1,0,0,0,'2009-12-10 13:36:29','Thursday',1,NULL,NULL,NULL),
(149,'GoYOsk0qhYw','none','Bicycles (forward)',1,1,1,22,NULL,2,1,0,0,0,'2009-12-11 16:23:14','Friday',1,NULL,NULL,NULL),
(150,'xVYH_pdo50I','none','Cable Crunch',1,1,1,7,NULL,2,1,0,0,0,'2009-12-10 13:38:30','Thursday',1,NULL,NULL,NULL),
(151,'ye2ZpXg4AiQ','none','Cable Sit Up',1,1,1,28,NULL,2,1,0,0,0,'2009-11-25 11:44:40','Wednesday',1,NULL,NULL,NULL),
(152,'D94qTSSApwI','none','Cable Curlup arms extended',1,1,1,28,NULL,2,1,0,0,0,'2009-11-25 11:55:18','Wednesday',1,NULL,NULL,NULL),
(154,'Xt4NGUyySDg','none','Cable Side Crunch',1,1,1,10,NULL,2,1,0,0,0,'2009-11-25 11:44:57','Wednesday',1,NULL,NULL,NULL),
(155,'FJZUpIeVcW4','none','Sit Up',1,1,1,28,NULL,2,0,0,0,0,'2009-12-04 11:15:25','Friday',1,NULL,NULL,NULL),
(156,'X2xga_f9btc','none','Dumbbell Side Bend (standing)',1,1,1,10,NULL,2,0,0,0,0,'2009-12-10 15:48:28','Thursday',1,NULL,NULL,NULL),
(158,'nDlZMBze9fA','none','Swiss Ball Roll Outs',1,2,2,22,NULL,2,1,0,0,0,'2010-01-18 08:11:32','Monday',1,NULL,NULL,NULL),
(159,'3DLPxGTD5x0','none','Knee Raises (Hanging)',1,1,1,22,NULL,2,1,1,0,0,'2010-01-18 12:59:50','Monday',1,NULL,NULL,NULL),
(160,'7PZ6DkwvE7g','none','Leg Raises (Hanging)',1,1,1,22,NULL,2,1,1,0,0,'2010-01-18 12:52:34','Monday',1,159,NULL,NULL),
(161,'c-NDVFuBVo0','none','Hanging Knee-Hip Raise',1,1,1,28,NULL,2,1,1,0,0,'2010-02-01 23:54:25','Monday',1,NULL,NULL,NULL),
(163,'AGhwkNLW_Ms','none','Hip Roll',1,1,1,10,NULL,2,1,1,0,0,'2009-12-15 17:30:53','Tuesday',1,NULL,NULL,NULL),
(167,'TfIaF4k7lBg','none','Long Arm Crunch',1,1,1,7,NULL,2,1,1,0,0,'2009-12-10 13:39:13','Thursday',1,NULL,NULL,NULL),
(168,'zYILIk5AqUk','none','Lying Leg Raise',1,1,1,22,NULL,2,1,1,0,0,'2011-06-10 01:48:39','Friday',1,NULL,NULL,NULL),
(170,'1ftIF-jzfRA','none','Machine Crunch',1,1,1,8,NULL,2,1,1,0,0,'2009-12-10 14:25:26','Thursday',1,NULL,NULL,NULL),
(171,'dz-Qk1x99y4','none','Negative Situp',1,1,1,8,NULL,2,1,1,0,0,'2009-12-10 14:24:35','Thursday',1,NULL,NULL,NULL),
(172,'eToWxoxJbjA','none','SIngle Arm Cable Rotation',1,1,1,10,NULL,2,1,1,0,0,'2009-12-15 17:29:11','Tuesday',1,NULL,NULL,NULL),
(173,'_3k-qahyn7A','none','Single Leg Anterior Reach',1,2,2,28,NULL,2,1,1,0,1,'2009-12-04 11:21:50','Friday',1,NULL,NULL,NULL),
(174,'lsDoxguWw7Y','none','Weighted Reverse Crunch',1,1,1,22,NULL,2,1,1,0,0,'2010-01-18 07:26:46','Monday',1,NULL,NULL,NULL),
(176,'YVZqMuszads','none','Weighted Rowing Crunch',1,1,1,28,NULL,2,1,1,0,0,'2010-01-18 07:23:46','Monday',4,NULL,NULL,NULL),
(179,'S1HP5DjXzHY','none','Russian Twist on stability ball',1,1,1,10,NULL,2,1,1,0,0,'2009-12-15 17:28:07','Tuesday',1,NULL,NULL,NULL),
(180,'Kq5m8h38nbs','none','Side Lying Hip Lift',1,1,1,10,NULL,2,1,1,0,0,'2009-12-16 07:33:31','Wednesday',1,NULL,NULL,NULL),
(181,'2Z1xAkmF708','none','Stability Ball Crunch',1,1,1,7,NULL,2,1,1,0,0,'2009-12-04 11:12:12','Friday',1,NULL,NULL,NULL),
(182,'q95gySKopI4','none','Straight Arm Roll Outs',1,1,1,7,NULL,2,1,1,0,0,'2011-06-13 16:45:39','Monday',4,NULL,NULL,NULL),
(183,'_1GlTzK-RAU','none','Trunk Rotation (Stretch)',1,1,1,10,NULL,1,1,1,1,0,'2010-02-17 12:46:46','Wednesday',4,NULL,NULL,NULL),
(184,'HfjU3_NSuKc','none','Trunk Rotation w/ cable',1,1,1,10,NULL,2,1,1,0,0,'2009-12-15 17:26:14','Tuesday',1,NULL,NULL,NULL),
(185,'PMIEsDi0RFI','none','Trunk Twist',1,1,1,1,NULL,1,1,1,1,0,'2010-01-18 12:16:18','Monday',4,NULL,NULL,NULL),
(187,'xacyiIIH_co','none','Russian Twist in Roman Chair',1,2,2,10,NULL,2,1,1,0,0,'2010-01-18 11:43:10','Monday',1,NULL,NULL,NULL),
(188,'gEg6TSlcqB8','none','RussianTwist w/ dumbbells',1,2,2,10,NULL,2,1,1,0,0,'2009-12-16 07:07:29','Wednesday',1,NULL,NULL,NULL),
(189,'XBuYfybOJb8','none','Vertical Leg Crunch',1,1,1,8,NULL,2,1,1,0,0,'2009-12-16 06:04:37','Wednesday',1,NULL,NULL,NULL),
(190,'uXc6SCsyaX8','none','Weighted Sit Up',1,2,2,8,NULL,2,1,1,0,0,'2009-12-10 14:21:36','Thursday',1,NULL,NULL,NULL),
(191,'Mx2BqoPWuC8','none','Wood Chop',1,1,1,10,NULL,2,1,1,0,0,'2010-02-10 00:38:15','Wednesday',1,NULL,NULL,NULL),
(192,'enbRCKVSN7E','none','Prone Elbow Stand Leg Lift',1,3,3,9,NULL,2,1,1,0,0,'2009-12-10 15:35:25','Thursday',1,NULL,NULL,NULL),
(193,'R8dlF4Qqz_c','none','Prone Hand Stand Leg Lift',1,3,3,9,NULL,2,1,1,0,0,'2009-12-10 15:42:21','Thursday',1,NULL,NULL,NULL),
(194,'MGwpErtj_j8','none','Supine Elbow Stand Leg Lift',1,3,3,17,NULL,5,1,1,0,1,'2010-02-09 22:20:13','Tuesday',3,NULL,NULL,NULL),
(195,'5FhneUOkKDs','none','Supine Hand Stand Leg Lift',1,3,3,17,NULL,5,1,1,0,0,'2009-12-15 12:37:21','Tuesday',3,NULL,NULL,NULL),
(196,'UkaDU7PVqBo','none','Side Elbow Stand Lateral Leg Lift',1,3,3,23,NULL,2,1,1,0,1,'2009-12-04 11:32:50','Friday',1,NULL,NULL,NULL),
(197,'dc4X5Y_narw','none','Side Hand Stand Lateral Leg Lift',1,3,3,23,NULL,2,1,1,0,1,'2011-06-23 02:50:32','Thursday',1,196,NULL,NULL),
(198,'XhuMiGdunNM','none','Side Elbow Stand Medial Leg Lift',1,3,3,24,NULL,2,1,1,0,1,'2010-01-11 03:23:28','Monday',1,NULL,NULL,NULL),
(199,'O3boSlUnn-Q','none','Side Hand Stand Medial Leg Lift',1,3,3,24,NULL,2,1,1,0,1,'2010-01-18 11:16:21','Monday',1,NULL,NULL,NULL),
(200,'JgsER3ak2h0',NULL,'Standing Barbell Shoulder Press',NULL,1,1,11,NULL,5,1,NULL,0,0,'2009-12-04 11:08:23','Friday',1,NULL,NULL,NULL),
(204,'p62qW9UnQrM',NULL,'Overhead Squat',NULL,3,3,18,NULL,3,1,NULL,0,0,'2009-12-04 00:10:17','Friday',1,NULL,NULL,NULL),
(614,'5NCjuZuYvJw',NULL,'Prone Cobra',NULL,1,1,1,NULL,2,1,NULL,0,0,'2009-12-03 23:57:32','Thursday',NULL,NULL,NULL,NULL),
(208,'Mx2BqoPWuC8',NULL,'Cable Wood Chop',NULL,1,1,10,NULL,2,1,NULL,0,0,'2009-12-10 15:49:07','Thursday',1,NULL,NULL,NULL),
(209,'kXMGv4F-3ms',NULL,'Reverse Cable Wood Chop',NULL,1,1,3,NULL,2,1,NULL,0,0,'2009-12-09 20:31:01','Wednesday',1,NULL,NULL,NULL),
(210,'GZetIQ43ol8',NULL,'Shoulder Press, Dumbbell, Neutral Grip',NULL,1,1,11,NULL,5,1,NULL,0,0,'2010-02-03 01:04:15','Wednesday',1,NULL,NULL,NULL),
(211,'dX8mwsSdU8k',NULL,'Reverse Grip Lat Pull',NULL,1,1,2,NULL,5,1,NULL,0,0,'2009-12-20 20:16:03','Sunday',1,NULL,NULL,NULL),
(212,'vajlchZ6AEU',NULL,'Plank',NULL,1,1,9,NULL,2,1,NULL,1,0,'2009-12-10 15:45:40','Thursday',3,NULL,NULL,NULL),
(213,'1jZDOKr9NjE',NULL,'3 Point Plank',NULL,1,1,9,NULL,2,1,NULL,1,0,'2010-01-20 15:51:31','Wednesday',1,NULL,NULL,NULL),
(214,'dZNoGIaSDno',NULL,'Step Up ',NULL,1,1,21,NULL,5,1,NULL,0,0,'2009-11-27 01:46:57','Friday',1,NULL,NULL,NULL),
(217,'0UAPJCDEk84',NULL,'One-legged Glute Bridge with Leg Curl',NULL,1,1,17,NULL,5,1,NULL,0,0,'2010-01-18 11:11:34','Monday',3,NULL,NULL,NULL),
(218,'gH08s7pnbrc',NULL,'Side Plank',NULL,1,1,9,NULL,2,1,NULL,1,0,'2009-12-10 15:46:47','Thursday',3,NULL,NULL,NULL),
(219,'xgCGyLE0UI0',NULL,'Side Plank with Leg Swing',NULL,1,1,9,NULL,2,1,NULL,0,1,'2009-12-10 15:47:31','Thursday',3,NULL,NULL,NULL),
(220,'GzfCljpWGU0',NULL,'Bulgarian Dip',NULL,1,3,18,NULL,5,1,NULL,0,0,'2009-12-04 14:05:50','Friday',1,NULL,NULL,NULL),
(222,'ufLBPBWVTIk',NULL,'Rock Climber Push-Up',NULL,1,1,26,NULL,2,1,NULL,0,0,'2011-06-10 01:49:18','Friday',1,NULL,NULL,NULL),
(223,'K0nmY-9CPJ8',NULL,'Goblet Squat',NULL,1,1,21,NULL,5,1,NULL,0,0,'2010-01-18 13:40:08','Monday',1,NULL,NULL,NULL),
(225,'-6yv9ihhJ8w',NULL,'Single Arm Push Press',NULL,1,2,11,NULL,5,1,NULL,0,1,'2009-12-04 11:26:15','Friday',1,NULL,NULL,NULL),
(226,'v2kb5a3r5E4',NULL,'Single Arm Dumbbell Snatch',NULL,3,3,27,NULL,5,1,NULL,0,1,'2009-12-03 23:32:06','Thursday',1,NULL,NULL,NULL),
(227,'1_h7UG2Pyxw',NULL,'Light Dumbbell Thruster',NULL,1,1,30,NULL,5,1,NULL,0,0,'2009-12-20 18:44:56','Sunday',1,NULL,NULL,NULL),
(228,'429RQPiWYxI',NULL,'Lunge Jump',NULL,1,1,27,NULL,4,1,NULL,0,1,'2009-12-04 00:21:23','Friday',2,NULL,NULL,NULL),
(229,'0HyvgIjAQJ8',NULL,'Jump Squats',NULL,1,1,18,NULL,5,1,NULL,0,0,'2009-12-04 01:00:41','Friday',2,NULL,NULL,NULL),
(230,'KT6q4l9Vcxk',NULL,'Ankles to the Bar',NULL,2,2,28,NULL,2,1,NULL,0,0,'2009-12-15 17:19:25','Tuesday',1,NULL,NULL,NULL),
(231,'fArIxuKdr6M',NULL,'Windshield Wipers',NULL,3,3,10,NULL,2,1,NULL,0,0,'2009-12-07 23:53:18','Monday',1,NULL,NULL,NULL),
(232,'rv_nXSUNVyE',NULL,'Lunge Walk',NULL,1,1,18,NULL,3,1,NULL,0,0,'2009-12-15 12:14:32','Tuesday',1,NULL,NULL,NULL),
(233,'IUoTn2zI4Z4',NULL,'Backward Lunge Walk',NULL,3,3,18,NULL,3,1,NULL,0,0,'2009-12-15 12:15:49','Tuesday',1,NULL,NULL,NULL),
(234,'e8WV08LCNpI',NULL,'Low Walk',NULL,2,2,18,NULL,5,1,NULL,0,0,'2009-12-22 17:08:24','Tuesday',1,NULL,NULL,NULL),
(235,'A3Wa09JyYto',NULL,'Reverse Low Walks',NULL,3,3,18,NULL,5,1,NULL,0,0,'2009-12-14 19:42:08','Monday',1,NULL,NULL,NULL),
(236,'8IwjfaOsXC0',NULL,'Fast Twitch Jump Lunge',NULL,4,4,18,NULL,5,1,NULL,0,0,'2010-02-01 20:38:26','Monday',1,NULL,NULL,NULL),
(237,'y08oFMKs6Ag',NULL,'Ankle Hops',NULL,1,1,19,NULL,4,1,NULL,0,0,'2009-12-04 14:24:06','Friday',2,NULL,NULL,NULL),
(238,'vs22mlLg9-c',NULL,'Single Leg Ankle Hops',NULL,1,1,27,NULL,4,1,NULL,0,1,'2009-11-27 02:27:56','Friday',2,NULL,NULL,NULL),
(239,'ubSbZOLs-6M',NULL,'Slalom Jumps',NULL,1,1,27,NULL,4,1,NULL,0,0,'2009-11-27 02:07:02','Friday',2,NULL,NULL,NULL),
(240,'3UON8Bpb_6A',NULL,'Single Leg Slalom Jumps',NULL,2,2,27,NULL,4,1,NULL,0,0,'2009-11-27 02:13:38','Friday',2,NULL,NULL,NULL),
(241,'rwjDky-tcB4',NULL,'Double Leg Bounds',NULL,1,1,27,NULL,4,1,NULL,0,0,'2009-12-04 13:16:53','Friday',2,NULL,NULL,NULL),
(243,'chr0IW1IwGI',NULL,'Double Leg Backward Hops',NULL,1,1,27,NULL,4,1,NULL,0,0,'2009-12-04 13:17:41','Friday',2,NULL,NULL,NULL),
(244,'yOu0teyiiPk',NULL,'Single Leg Backward Hop',NULL,2,2,27,NULL,4,1,NULL,0,1,'2009-11-27 02:25:45','Friday',2,NULL,NULL,NULL),
(245,'ZKsZZyXDeY0',NULL,'Double Leg Lateral Hop',NULL,1,1,27,NULL,4,1,NULL,0,0,'2009-12-11 17:15:55','Friday',2,NULL,NULL,NULL),
(246,'gI11RgVx0ss',NULL,'Single Leg Lateral Hop',NULL,2,2,27,NULL,4,1,NULL,0,0,'2011-07-14 18:01:54','Thursday',2,NULL,NULL,NULL),
(247,'oppEEYgazlQ',NULL,'Single Leg Medial Hops',NULL,2,2,27,NULL,4,1,NULL,0,1,'2009-11-27 02:14:55','Friday',2,NULL,NULL,NULL),
(248,'sl-Q-nJvPgQ',NULL,'Power Skip for Height',NULL,2,2,27,NULL,4,1,NULL,0,0,'2009-12-04 00:04:05','Friday',2,NULL,NULL,NULL),
(249,'8S1azpPPKmg',NULL,'Power Skip for Distance',NULL,1,2,27,NULL,4,1,NULL,0,0,'2009-12-04 00:02:49','Friday',2,NULL,NULL,NULL),
(250,'T5Y7c4nxLe0',NULL,'Box Jumps',NULL,1,1,27,NULL,4,1,NULL,0,0,'2009-12-04 14:16:32','Friday',2,NULL,NULL,NULL),
(251,'SBwnhJsjGl0',NULL,'Single Leg Box Jump',NULL,3,3,27,NULL,4,1,NULL,0,0,'2009-11-27 02:20:24','Friday',2,NULL,NULL,NULL),
(252,'itxthVFGhds',NULL,'Lateral Box Jumps',NULL,3,3,27,NULL,4,1,NULL,0,0,'2009-12-04 00:50:49','Friday',2,NULL,NULL,NULL),
(253,'0huuunZtBzM',NULL,'Single Leg Lateral Box Jumps',NULL,4,4,27,NULL,4,1,NULL,0,1,'2009-12-11 17:26:38','Friday',2,NULL,NULL,NULL),
(254,'Koao7ykn-38',NULL,'Hurdle Hops',NULL,3,3,27,NULL,4,1,NULL,0,0,'2009-12-04 01:05:05','Friday',2,NULL,NULL,NULL),
(255,'ReBXMj_LE3Y',NULL,'Squat Jumps',NULL,1,1,27,NULL,4,1,NULL,0,0,'2009-11-27 01:55:50','Friday',2,NULL,NULL,NULL),
(256,'5qkxvt98oRs',NULL,'Leapfrog Jumps',NULL,1,1,27,NULL,4,1,NULL,0,0,'2009-12-04 00:35:33','Friday',2,NULL,NULL,NULL),
(257,'tcjf59Kzrk8',NULL,'Burpees',NULL,2,2,30,NULL,4,1,NULL,0,0,'2009-12-04 14:03:27','Friday',2,NULL,NULL,NULL),
(261,'56jqAsrSRVo',NULL,'Jerk',NULL,3,3,27,NULL,5,1,NULL,0,0,'2009-12-03 23:54:43','Thursday',1,NULL,NULL,NULL),
(262,'Y-kxxF4ayDU',NULL,'Snatch',NULL,3,3,27,NULL,5,1,NULL,0,0,'2009-11-27 02:03:09','Friday',1,NULL,NULL,NULL),
(348,'V3H9k1p9_mY',NULL,'Feet Over Head/ Plough',NULL,1,1,3,NULL,1,1,NULL,1,0,'2010-01-18 12:08:00','Monday',4,NULL,NULL,NULL),
(267,'nP820X_9_dk',NULL,'Weighted Back Extension',NULL,1,1,3,NULL,2,1,NULL,0,0,'2009-12-09 20:30:06','Wednesday',1,NULL,NULL,NULL),
(268,'8ofo1Ecad-Y',NULL,'Back Extension on a Stability Ball',NULL,1,3,3,NULL,2,1,NULL,0,0,'2009-12-09 20:28:00','Wednesday',1,NULL,NULL,NULL),
(269,'UqrvyMMod2g',NULL,'Dumbbell Toe Touch',NULL,2,2,3,NULL,2,1,NULL,0,0,'2009-12-09 20:27:18','Wednesday',1,NULL,NULL,NULL),
(270,'z3TGYE6SfBw',NULL,'Twisting Back Extension',NULL,2,3,3,NULL,2,1,NULL,0,0,'2009-12-09 20:26:37','Wednesday',1,NULL,NULL,NULL),
(271,'FKRyi2U9mXk',NULL,'Straight Arm Pulldown',NULL,1,1,2,NULL,5,1,NULL,0,0,'2009-12-09 19:53:44','Wednesday',1,NULL,NULL,NULL),
(272,'85pVg9WksMg',NULL,'Hip Extension with Bent Knee',NULL,1,1,21,NULL,2,1,NULL,0,1,'2009-12-14 18:04:47','Monday',1,NULL,NULL,NULL),
(273,'dy1V4DIA9K8',NULL,'Clean',NULL,3,3,27,NULL,5,1,NULL,0,0,'2010-02-01 00:21:54','Monday',1,NULL,NULL,NULL),
(275,'soL5hODTBnM',NULL,'Alternating Lunge',NULL,1,1,21,NULL,5,1,NULL,0,0,'2009-12-11 18:11:39','Friday',1,NULL,NULL,NULL),
(276,'3GZreT4JzBE',NULL,'Lateral Lunge',NULL,3,3,21,NULL,5,1,NULL,0,1,'2010-01-25 01:00:36','Monday',1,NULL,NULL,NULL),
(277,'cBtVuTSJ5KM',NULL,'Split Squat',NULL,1,1,18,NULL,5,1,NULL,0,1,'2009-11-27 01:58:13','Friday',1,NULL,NULL,NULL),
(279,'bJYzefAc8xY',NULL,'Step Back Lunge',NULL,3,3,21,NULL,5,1,NULL,0,1,'2009-11-27 01:48:54','Friday',1,NULL,NULL,NULL),
(281,'Lah5W-FR7yI',NULL,'Glute Bridge',NULL,1,1,21,NULL,2,1,NULL,0,0,'2009-12-04 01:25:22','Friday',1,NULL,NULL,NULL),
(282,'e-Mlorspta8',NULL,'Single Leg Glute Bridge ',NULL,2,2,21,NULL,2,1,NULL,0,1,'2009-11-27 02:19:42','Friday',1,NULL,NULL,NULL),
(283,'stGs1DryZIo',NULL,'Glute Bridge on Stability Ball',NULL,3,3,21,NULL,2,1,NULL,0,0,'2010-02-01 20:45:14','Monday',1,NULL,NULL,NULL),
(284,'LXcL37iyrQ8',NULL,'Snatch Pull',NULL,3,3,27,NULL,5,1,NULL,0,0,'2009-11-27 02:05:50','Friday',1,NULL,NULL,NULL),
(286,'SYj5uVCH_KA',NULL,'Barbell Hack Squat',NULL,1,3,21,NULL,5,1,NULL,0,0,'2009-12-04 14:23:16','Friday',1,NULL,NULL,NULL),
(288,'k3Jz-wB52-c',NULL,'Dynamic Step Up',NULL,3,3,27,NULL,4,1,NULL,0,1,'2009-12-04 01:40:52','Friday',2,NULL,NULL,NULL),
(289,'C0BGJrNeIZ0',NULL,'Dumbbell Squat',NULL,1,1,21,NULL,5,1,NULL,0,0,'2010-01-18 13:52:49','Monday',1,NULL,NULL,NULL),
(290,'JEDtO5hs3Ow',NULL,'Leg Press',NULL,1,1,18,NULL,5,1,NULL,0,0,'2009-12-14 19:56:36','Monday',1,NULL,NULL,NULL),
(291,'Ygxfwum8SrU',NULL,'Lateral Barbell Squat',NULL,2,2,21,NULL,5,1,NULL,0,1,'2010-01-18 12:53:32','Monday',1,NULL,NULL,NULL),
(292,'UheYIcxJ33w',NULL,'Leg Extension',NULL,1,1,18,NULL,5,0,NULL,0,0,'2009-12-15 12:05:47','Tuesday',1,NULL,NULL,NULL),
(293,'J0e0c6Dd6Wk',NULL,'Bodyweight Leg Curl',NULL,4,4,17,NULL,5,1,NULL,0,0,'2009-12-15 12:29:38','Tuesday',1,NULL,NULL,NULL),
(294,'qu-VRmtVGrY',NULL,'Leg Curl',NULL,1,1,17,NULL,5,0,NULL,0,0,'2009-12-15 12:42:04','Tuesday',1,NULL,NULL,NULL),
(295,'aeluXBU80Yo',NULL,'Supine Leg Curl on Stability Ball',NULL,2,2,17,NULL,5,1,NULL,0,0,'2009-12-04 10:59:58','Friday',3,NULL,NULL,NULL),
(296,'Kb9ccEGiLGY',NULL,'Single Leg Supine Leg Curl on Stability Ball',NULL,3,3,17,NULL,5,1,NULL,0,1,'2010-01-18 09:21:57','Monday',3,NULL,NULL,NULL),
(297,'--aKGcrxC9M',NULL,'Bodyweight Donkey Calf Raise',NULL,1,1,19,NULL,5,0,NULL,0,0,'2009-12-14 19:01:12','Monday',1,NULL,NULL,NULL),
(298,'04J6zYj-Plo',NULL,'Calf Raise (standing)',NULL,1,1,19,NULL,5,0,NULL,0,0,'2009-12-04 11:06:57','Friday',1,NULL,NULL,NULL),
(299,'yP36JyL8T1o',NULL,'Dumbbell (Standing) Calf Raise',NULL,1,1,19,NULL,5,0,NULL,0,0,'2009-11-25 11:10:43','Wednesday',1,NULL,NULL,NULL),
(300,'v=M3Zk_JSx2GY',NULL,'Incline Toe Press (Leg Press Machine)',NULL,1,1,19,NULL,5,0,NULL,0,0,'2009-12-14 18:58:34','Monday',1,NULL,NULL,NULL),
(301,'fMQB9YuuPS4',NULL,'Machine Standing Calf Raise',NULL,1,1,19,NULL,5,0,NULL,0,0,'2009-12-14 18:48:47','Monday',1,NULL,NULL,NULL),
(302,'NdVZ9Z9DM6o',NULL,'Single Leg Calf Raise',NULL,1,1,19,NULL,5,0,NULL,0,0,'2009-12-04 11:20:07','Friday',1,NULL,NULL,NULL),
(303,'fMQB9YuuPS4',NULL,'Smith Machine (Standing) Calf Raise',NULL,1,1,19,NULL,5,0,NULL,0,0,'2009-12-04 11:13:33','Friday',1,NULL,NULL,NULL),
(304,'_8pu-D9rFUI',NULL,'Barbell (seated) Calf Raise',NULL,1,1,19,NULL,5,0,NULL,0,0,'2009-12-14 18:41:17','Monday',1,NULL,NULL,NULL),
(308,'cco2K4DvR18',NULL,'Ankle Flexion with Weight Plate',NULL,1,1,20,NULL,5,0,NULL,0,1,'2009-12-14 18:15:47','Monday',1,NULL,NULL,NULL),
(309,'DfJt-5E4kqI',NULL,'Heel Walk',NULL,1,1,20,NULL,2,0,NULL,0,0,'2009-12-22 17:22:31','Tuesday',1,NULL,NULL,NULL),
(310,'lS7rGFWVw5s',NULL,'Clean Pull',NULL,3,3,27,NULL,5,1,NULL,0,0,'2009-12-04 14:00:03','Friday',1,NULL,NULL,NULL),
(311,'BAKshtIcULM',NULL,'Neck Stretch (arm behind back)',NULL,1,1,6,NULL,1,1,NULL,1,0,'2010-01-18 12:36:11','Monday',4,NULL,NULL,NULL),
(312,'BPMwS0AA3vQ',NULL,'Head Turns (look over shoulder and hold)',NULL,1,1,5,NULL,1,1,NULL,1,0,'2010-01-18 13:35:58','Monday',4,NULL,NULL,NULL),
(314,'yz68-Uuf_oQ',NULL,'Chest Stretch Using Wall or Object',NULL,1,1,25,NULL,1,1,NULL,1,0,'2010-01-18 14:27:07','Monday',4,NULL,NULL,NULL),
(315,'cxp7kOgw60U',NULL,'Shoulder Stretch Across Chest',NULL,1,1,13,NULL,1,1,NULL,1,0,'2010-01-18 11:19:52','Monday',4,NULL,NULL,NULL),
(316,'owENCiX2zn4',NULL,'Tricep Stretch Behind Head',NULL,1,1,15,NULL,1,1,NULL,1,0,'2010-01-18 08:07:24','Monday',4,NULL,NULL,NULL),
(317,'rOcIm66nGUE',NULL,'Wrist-Forearm Flexor Stretch',NULL,1,1,16,NULL,1,1,NULL,1,0,'2010-01-18 07:19:57','Monday',4,NULL,NULL,NULL),
(318,'vq7XNwA0_4s',NULL,'Arm Circles',NULL,1,1,11,NULL,1,1,NULL,1,0,'2010-01-18 14:59:36','Monday',4,NULL,NULL,NULL),
(319,'XBXMSChHoGo',NULL,'Standing Hamstring Stretch, feet together',NULL,1,1,17,NULL,1,1,NULL,1,0,'2010-01-19 01:46:54','Tuesday',4,NULL,NULL,NULL),
(320,'DxDQFXaenbo',NULL,'Standing Hamstring Stretch (feet apart)',NULL,1,1,17,NULL,1,1,NULL,1,0,'2010-01-19 01:45:48','Tuesday',4,NULL,NULL,NULL),
(321,'2hJFb383_dw',NULL,'Standing Quad Stretch',NULL,1,1,18,NULL,1,1,NULL,1,0,'2010-01-18 08:22:14','Monday',4,NULL,NULL,NULL),
(322,'JhCNF9uim34',NULL,'Standing Hip Flexor Stretch',NULL,1,1,22,NULL,1,1,NULL,1,0,'2010-01-18 08:52:02','Monday',4,NULL,NULL,NULL),
(323,'uyQRqsjLRwM',NULL,'Kneeling Hip Flexor Stretch',NULL,1,1,22,NULL,1,1,NULL,1,0,'2010-01-18 13:02:16','Monday',4,NULL,NULL,NULL),
(324,'40ewPvJ1JYs',NULL,'Standing Side Stretch',NULL,1,1,10,NULL,1,1,NULL,1,0,'2010-01-18 08:21:51','Monday',4,NULL,NULL,NULL),
(325,'Mc60nClpWAg',NULL,'Groin Squat Stretch',NULL,1,1,24,NULL,1,1,NULL,1,0,'2010-01-18 13:39:04','Monday',4,NULL,NULL,NULL),
(326,'RfhBKQW6Eq4',NULL,'Seated Groin Stretch',NULL,1,1,24,NULL,1,1,NULL,1,0,'2010-01-18 11:35:23','Monday',4,NULL,NULL,NULL),
(327,'hzAOwwYkty0',NULL,'Standing Calf Stretch',NULL,1,1,19,NULL,1,1,NULL,1,0,'2010-01-18 09:00:27','Monday',4,NULL,NULL,NULL),
(328,'7knxLfEe4RY',NULL,'Seated Calf Stretch',NULL,1,1,19,NULL,1,1,NULL,1,0,'2010-01-18 11:37:06','Monday',4,NULL,NULL,NULL),
(329,'8Uzn1SCM0xM',NULL,'Lateral Lunge Stretch',NULL,1,1,24,NULL,1,1,NULL,1,0,'2010-01-18 12:53:31','Monday',4,NULL,NULL,NULL),
(331,'2kfPGjEA53Q',NULL,'Seated Hip-Glute Stretch',NULL,1,1,21,NULL,1,1,NULL,1,0,'2010-01-18 11:27:56','Monday',4,NULL,NULL,NULL),
(333,'asdPYyheGc8',NULL,'Cat Stretch',NULL,1,1,3,NULL,1,1,NULL,1,0,'2010-01-18 14:29:40','Monday',4,NULL,NULL,NULL),
(334,'gcsv_gsEfPM',NULL,'Lying Hamstring Stretch, Single Leg',NULL,1,1,17,NULL,1,1,NULL,1,1,'2011-06-09 23:29:34','Thursday',4,NULL,NULL,NULL),
(335,'joC3j6X7fhQ',NULL,'Frog Stretch',NULL,1,1,24,NULL,1,1,NULL,1,0,'2010-01-18 13:40:25','Monday',4,NULL,NULL,NULL),
(336,'YZieI86bUvY',NULL,'Lying Lower Back Stretch',NULL,1,1,3,NULL,1,1,NULL,1,0,'2010-01-18 12:45:57','Monday',4,NULL,NULL,NULL),
(337,'',NULL,'Lying Leg Over Stretch',NULL,1,1,3,NULL,1,1,NULL,1,0,'2009-09-30 02:21:35','Wednesday',4,NULL,NULL,NULL),
(338,'LawvIQ081WI',NULL,'Scorpions',NULL,2,3,22,NULL,1,1,NULL,1,0,'2011-06-13 16:43:27','Monday',4,NULL,NULL,NULL),
(339,'ihMrjI2BTMQ',NULL,'Lying Quad Stretch',NULL,1,1,18,NULL,1,1,NULL,1,0,'2010-01-18 12:45:34','Monday',4,NULL,NULL,NULL),
(340,'VLO87UeHuak',NULL,'Kneeling Quad Stretch (Kenpo Quad Stretch)',NULL,1,1,18,NULL,1,1,NULL,1,0,'2010-01-18 13:01:17','Monday',4,NULL,NULL,NULL),
(341,'BF87_SgBPCo',NULL,'Lotus',NULL,1,1,21,NULL,1,1,NULL,1,0,'2010-01-18 12:51:23','Monday',4,NULL,NULL,NULL),
(342,'PjEhxLUHXWw',NULL,'Cobra Stretch',NULL,1,1,7,NULL,1,1,NULL,1,0,'2010-01-18 14:26:25','Monday',4,NULL,NULL,NULL),
(343,'I_SZLsZ2zCc',NULL,'Bridge Stretch',NULL,1,1,9,NULL,1,1,NULL,1,0,'2010-01-18 14:42:02','Monday',4,NULL,NULL,NULL),
(345,'hr4MnRVMUIQ',NULL,'Standing Lat Stretch (Holding Object)',NULL,1,1,2,NULL,1,1,NULL,1,0,'2010-01-18 08:50:49','Monday',4,NULL,NULL,NULL),
(346,'HjUVANnzqUc',NULL,'Knee Rolls',NULL,1,1,27,NULL,1,1,NULL,1,0,'2010-01-18 13:03:24','Monday',4,NULL,NULL,NULL),
(347,'KAlez03T1ZA',NULL,'Bow',NULL,1,1,8,NULL,1,1,NULL,1,0,'2010-01-18 14:45:34','Monday',4,NULL,NULL,NULL),
(349,'II1ERmRMczU',NULL,'Plank with Elbows on Stability Ball',NULL,1,1,9,NULL,2,1,NULL,1,0,'2010-02-03 00:33:32','Wednesday',3,NULL,NULL,NULL),
(350,'O1IFJpm-DLU',NULL,'Plank with Feet on Stability Ball',NULL,1,1,9,NULL,2,1,NULL,1,0,'2010-01-18 12:14:18','Monday',3,NULL,NULL,NULL),
(351,'K0hQUy3TDBM',NULL,'Depth Jump',NULL,2,3,27,NULL,4,1,NULL,0,0,'2009-12-04 13:19:23','Friday',2,NULL,NULL,NULL),
(352,'Bpj8z13JysI',NULL,'Kipping Pull-Up',NULL,3,3,2,NULL,5,1,NULL,0,0,'2009-12-16 06:01:02','Wednesday',1,NULL,NULL,NULL),
(353,'mqKYsDUfqTs',NULL,'Medicine Ball Slams',NULL,1,1,2,NULL,5,1,NULL,0,0,'2009-12-04 00:11:21','Friday',2,NULL,NULL,NULL),
(354,'YRTgvImuSkA',NULL,'Ballistic Smith Machine Benchpress',NULL,1,3,26,NULL,5,1,NULL,0,0,'2010-01-18 09:10:52','Monday',2,NULL,NULL,NULL),
(358,'dMRAIeUa6OU',NULL,'Dumbbell Swing',NULL,1,3,21,NULL,5,1,NULL,0,0,'2009-12-04 13:13:39','Friday',2,NULL,NULL,NULL),
(359,'uHUknztj-O8',NULL,'Incline Benchpress, Barbell',NULL,1,1,25,NULL,5,1,NULL,0,0,'2010-01-18 13:07:44','Monday',1,NULL,NULL,NULL),
(360,'3llApQOZ8q0',NULL,'One Arm Benchpress, Dumbbell',NULL,1,1,26,NULL,5,1,NULL,0,1,'2010-01-18 12:31:25','Monday',3,NULL,NULL,NULL),
(361,'ECe5ODGmD40',NULL,'Landmine',NULL,3,3,10,NULL,2,1,NULL,0,0,'2009-12-10 15:50:42','Thursday',1,NULL,NULL,NULL),
(364,'6V3IEO9_avU',NULL,'Sumo Deadlift',NULL,2,3,3,NULL,5,1,NULL,0,0,'2010-01-18 08:17:06','Monday',1,133,NULL,NULL),
(368,'TWDWkR-dGXI',NULL,'Barbell Hip Thrust',NULL,3,3,21,NULL,5,1,NULL,0,0,'2009-12-04 14:22:20','Friday',1,NULL,NULL,NULL),
(366,'VxLYrRMQ8jU',NULL,'Single Leg Deadlift with Barbell',NULL,2,3,17,NULL,5,1,NULL,0,1,'2010-01-18 11:12:45','Monday',3,NULL,NULL,NULL),
(367,'1eLPrBFqeTo',NULL,'Single Leg Deadlift with Dumbells',NULL,2,2,21,NULL,5,1,NULL,0,1,'2010-01-18 11:12:27','Monday',1,NULL,NULL,NULL),
(369,'7rgFJIuCK-w',NULL,'Suitcase Deadlift',NULL,3,3,9,NULL,2,1,NULL,0,1,'2011-07-01 18:57:57','Friday',1,NULL,NULL,NULL),
(370,'zCwsfOExPdo',NULL,'Feet Elevated Bosu Ball Push-Up',NULL,2,2,25,NULL,5,1,NULL,0,0,'2011-06-10 01:48:59','Friday',3,NULL,NULL,NULL),
(371,'6bSMfFWnPdM',NULL,'Extreme Dumbbell Row',NULL,3,3,1,NULL,5,1,NULL,0,1,'2010-01-18 13:45:18','Monday',3,NULL,NULL,NULL),
(372,'XcI3UQNPXFw',NULL,'Incline Dumbbell Benchpress with Neutral Grip',NULL,1,1,25,NULL,5,1,NULL,0,0,'2011-06-10 01:50:46','Friday',1,NULL,NULL,NULL),
(373,'3WGFwUxqkIE',NULL,'Straight Arm Pulldown on object',NULL,1,1,2,NULL,5,1,NULL,0,0,'2009-12-09 20:18:13','Wednesday',3,NULL,NULL,NULL),
(375,'6L5GptvvQaU',NULL,'Weighted Crunch',NULL,1,1,7,NULL,2,1,NULL,0,0,'2011-06-15 22:44:01','Wednesday',1,NULL,NULL,NULL),
(376,'npfOiX4UtCs',NULL,'Bicycles (reverse)',NULL,1,1,22,NULL,2,1,NULL,0,0,'2009-12-11 16:21:16','Friday',1,NULL,NULL,NULL),
(377,'SR-2jYQnmXA',NULL,'L sit',NULL,1,1,28,NULL,2,0,NULL,1,0,'2009-12-10 22:11:54','Thursday',3,NULL,NULL,NULL),
(378,'yqkrKSsfVzc',NULL,'Neutral Grip Pull Up',NULL,1,1,2,NULL,5,1,NULL,0,0,'2009-12-09 20:14:45','Wednesday',1,NULL,NULL,NULL),
(379,'4cv6tC7sPUY',NULL,'Corn Cob Pull Up',NULL,1,1,2,NULL,5,1,NULL,0,0,'2010-01-31 23:38:04','Sunday',1,NULL,NULL,NULL),
(380,'NLBhkrA5M5M',NULL,'Towel Pull Up',NULL,1,1,2,NULL,5,1,NULL,0,0,'2009-12-09 20:08:40','Wednesday',1,NULL,NULL,NULL),
(381,'q8S2PpLeVxw',NULL,'Superman',NULL,1,1,3,NULL,2,1,NULL,0,0,'2009-12-09 20:25:24','Wednesday',1,NULL,NULL,NULL),
(382,'YyIrvd2WtEs',NULL,'Swimmers',NULL,1,1,3,NULL,2,1,NULL,0,0,'2010-01-18 08:12:37','Monday',1,NULL,NULL,NULL),
(384,'FgDs-E-J1XU',NULL,'Close Grip Pull Up',NULL,1,1,2,NULL,5,1,NULL,0,0,'2009-12-15 19:14:52','Tuesday',NULL,NULL,NULL,NULL),
(385,'t89N1Ty-m1k',NULL,'Alternate Grip Pull Up ',NULL,1,1,2,NULL,5,1,NULL,0,0,'2010-01-18 15:06:54','Monday',NULL,NULL,NULL,NULL),
(387,'Sgb7jF9m17o',NULL,'Dumbbell Bent Over Row',NULL,1,1,2,NULL,5,1,NULL,0,0,'2009-12-09 19:59:58','Wednesday',NULL,NULL,NULL,NULL),
(389,'mdbonrJtEKQ',NULL,'Dive Bomber Push Up',NULL,1,1,11,NULL,5,1,NULL,0,0,'2009-12-15 16:45:14','Tuesday',NULL,NULL,NULL,NULL),
(390,'EuqOEpVUMKc',NULL,'Bent Arm Reverse Fly',NULL,1,1,1,NULL,5,1,NULL,0,0,'2009-12-08 19:58:57','Tuesday',NULL,NULL,NULL,NULL),
(391,'nw4d_2Dr-eY',NULL,'Reverse Fly (seated)',NULL,1,1,1,NULL,5,0,NULL,0,0,'2009-12-07 14:19:22','Monday',NULL,NULL,NULL,NULL),
(392,'I5sQhqUII50',NULL,'Alternating Dumbbell Shoulder Press',NULL,1,1,11,NULL,5,1,NULL,0,1,'2009-12-15 16:29:11','Tuesday',NULL,NULL,NULL,NULL),
(393,'NYltHYPKXIQ',NULL,'In and Out Curls (standing)',NULL,1,1,14,NULL,5,0,NULL,0,0,'2009-12-15 15:55:09','Tuesday',NULL,NULL,NULL,NULL),
(394,'16pR8D-n4r8',NULL,'Static Curls (standing)',NULL,1,1,14,NULL,5,0,NULL,0,1,'2010-01-18 08:21:28','Monday',NULL,NULL,NULL,NULL),
(395,'Jc8FBwKhXzo',NULL,'Flip Grip Kickbacks',NULL,1,1,15,NULL,5,1,NULL,0,0,'2010-01-18 13:43:56','Monday',NULL,NULL,NULL,NULL),
(396,'gA4n8AUmCGs',NULL,'Bent Arm Lateral Raise',NULL,1,1,11,NULL,5,1,NULL,0,0,'2010-01-18 14:47:54','Monday',NULL,NULL,NULL,NULL),
(397,'rsiI51h-jv8',NULL,'Cross Body Curls',NULL,1,1,14,NULL,5,1,NULL,0,0,'2010-01-31 23:39:14','Sunday',NULL,NULL,NULL,NULL),
(398,'T2kB5vOJbrw',NULL,'3-Way Curls',NULL,1,1,14,NULL,5,1,NULL,0,1,'2010-01-18 15:07:41','Monday',NULL,NULL,NULL,NULL),
(399,'aN8zqePPsKI',NULL,'Side Tri Rise',NULL,1,1,15,NULL,5,0,NULL,0,1,'2011-02-17 18:09:35','Thursday',NULL,NULL,NULL,NULL),
(400,'mhHFpb2sPf0',NULL,'Super Skaters',NULL,1,1,18,NULL,5,1,NULL,0,1,'2010-01-18 08:15:17','Monday',NULL,NULL,NULL,NULL),
(402,'SkH_Qi1X13o',NULL,'Iso Wall Squat',NULL,1,1,18,NULL,5,1,NULL,1,0,'2010-01-18 13:06:42','Monday',NULL,NULL,NULL,NULL),
(403,'AJ9mKgVsfuI',NULL,'Single Leg Iso Wall Squat',NULL,1,1,18,NULL,5,1,NULL,1,1,'2010-01-25 01:40:19','Monday',NULL,NULL,NULL,NULL),
(592,'MODP3CrElQM',NULL,'Dumbbell Thruster',NULL,3,3,30,NULL,5,1,NULL,0,0,'2009-12-04 13:12:55','Friday',NULL,NULL,NULL,NULL),
(404,'xfBndwfChCU',NULL,'Side Lunge',NULL,1,1,18,NULL,5,1,NULL,0,1,'2009-12-04 11:29:18','Friday',NULL,NULL,NULL,NULL),
(405,'LyXNCWg8TTY',NULL,'3-Way Lunge',NULL,1,1,18,NULL,5,1,NULL,0,1,'2010-01-18 15:07:29','Monday',NULL,NULL,NULL,NULL),
(406,'A9rCm4aa0HM',NULL,'Chair Pose ',NULL,1,1,18,NULL,5,1,NULL,1,0,'2010-01-18 14:29:23','Monday',NULL,NULL,NULL,NULL),
(407,'wTMO_6uR8FA',NULL,'80-20 Speed Squats',NULL,1,1,18,NULL,5,1,NULL,0,1,'2010-01-31 22:30:39','Sunday',NULL,NULL,NULL,NULL),
(409,'1YpvxHYc5LA',NULL,'Elbow Out Single Arm Row',NULL,1,1,1,NULL,5,1,NULL,0,1,'2009-12-20 20:10:40','Sunday',NULL,NULL,NULL,NULL),
(410,'wY6Om_kKypw',NULL,'Planche Push Up',NULL,1,1,26,NULL,5,1,NULL,0,0,'2009-12-11 14:46:24','Friday',NULL,NULL,NULL,NULL),
(411,'n1ikGJdd_A0',NULL,'Reverse Grip Bench',NULL,1,1,25,NULL,5,1,NULL,0,0,'2010-01-18 11:53:29','Monday',NULL,NULL,NULL,NULL),
(412,'ikT3tXcDM_8',NULL,'Side to Side Push Up',NULL,1,1,26,NULL,5,1,NULL,0,1,'2010-01-18 11:15:45','Monday',NULL,NULL,NULL,NULL),
(413,'EKVh9eqRbUM',NULL,'One Arm Push Up',NULL,4,4,26,NULL,5,1,NULL,0,1,'2010-01-18 12:20:49','Monday',NULL,NULL,NULL,NULL),
(414,'TbQICGvVdgw',NULL,'Body Weight Rows (rings)',NULL,3,2,2,NULL,5,1,NULL,0,0,'2010-01-18 14:44:56','Monday',NULL,585,NULL,NULL),
(415,'I3SPthQpx0E',NULL,'Ring Flies',NULL,4,4,26,NULL,5,1,NULL,0,0,'2010-01-18 11:47:06','Monday',NULL,NULL,NULL,NULL),
(416,'O5_piwwRgDU',NULL,'Muscle Up (rings)',NULL,4,4,2,NULL,5,1,NULL,0,0,'2009-12-09 18:35:07','Wednesday',NULL,NULL,NULL,NULL),
(417,'-_99MncIUK0',NULL,'Muscle Up (bar)',NULL,4,4,2,NULL,5,1,NULL,0,0,'2009-12-08 20:16:35','Tuesday',NULL,416,NULL,NULL),
(418,'RLBji0XJ04M',NULL,'Pike Push Up',NULL,1,1,11,NULL,5,1,NULL,0,0,'2010-02-03 00:30:49','Wednesday',NULL,NULL,NULL,NULL),
(420,'nDH1ir-vbBo',NULL,'Barbell Pullover',NULL,1,1,2,NULL,5,1,NULL,0,0,'2011-06-12 05:54:12','Sunday',NULL,NULL,NULL,NULL),
(421,'VjC93Ke4zCA',NULL,'Machine Pullover',NULL,1,1,2,NULL,5,1,NULL,0,0,'2011-06-13 16:26:12','Monday',NULL,NULL,NULL,NULL),
(422,'9ZHkiLURN_0',NULL,'Open Arm Curls',NULL,1,1,14,NULL,5,1,NULL,0,0,'2010-01-18 12:20:14','Monday',NULL,NULL,NULL,NULL),
(423,'NYltHYPKXIQ',NULL,'In and Out Hammer Curls',NULL,1,1,14,NULL,5,1,NULL,0,0,'2009-12-04 11:10:30','Friday',NULL,NULL,NULL,NULL),
(424,'-1D_K_2u_kw',NULL,'21\'s',NULL,1,1,14,NULL,5,1,NULL,1,0,'2010-01-18 15:19:41','Monday',NULL,NULL,NULL,NULL),
(425,'i_rJ0WVVL_0',NULL,'Squat Touch Jumps',NULL,1,1,27,NULL,4,1,NULL,0,0,'2009-11-27 01:53:28','Friday',NULL,NULL,NULL,NULL),
(426,'FcBfbRqIUpY',NULL,'Jump Knee Tuck',NULL,1,1,27,NULL,4,1,NULL,0,0,'2009-12-04 00:59:20','Friday',NULL,NULL,NULL,NULL),
(427,'EVoH_vPOMTA',NULL,'Twist Combo',NULL,1,1,19,NULL,4,1,NULL,0,0,'2009-11-27 00:48:22','Friday',NULL,NULL,NULL,NULL),
(428,'45qCYumjnxc',NULL,'Butt Kick Jumps',NULL,1,1,27,NULL,4,1,NULL,0,0,'2009-12-04 14:02:22','Friday',NULL,NULL,NULL,NULL),
(429,'tXGNnYESm98',NULL,'Gap Jumps',NULL,1,1,27,NULL,4,1,NULL,0,1,'2009-12-04 01:27:28','Friday',NULL,NULL,NULL,NULL),
(430,'MnjnezVfwY4',NULL,'Squat Jacks',NULL,1,1,18,NULL,4,1,NULL,0,0,'2009-11-27 01:57:10','Friday',NULL,NULL,NULL,NULL),
(431,'FOqMG_wS_cM',NULL,'Lateral Leapfrog Jumps',NULL,1,1,27,NULL,4,1,NULL,0,1,'2009-12-04 00:47:40','Friday',NULL,NULL,NULL,NULL),
(432,'AKM92_kmcaY',NULL,'Hot Foot',NULL,1,1,19,NULL,4,0,NULL,0,1,'2009-12-16 14:18:18','Wednesday',NULL,NULL,NULL,NULL),
(433,'_Ig--HoQqW4',NULL,'Towel Hops',NULL,1,1,19,NULL,4,1,NULL,1,0,'2009-12-04 13:23:28','Friday',NULL,NULL,NULL,NULL),
(434,'uEvWV62CEEg',NULL,'Cone Hops',NULL,1,1,19,NULL,4,1,NULL,0,0,'2012-05-22 10:37:32','Tuesday',NULL,NULL,NULL,NULL),
(435,'hLl36XDKrhk',NULL,'Single Leg Balance',NULL,1,1,21,NULL,3,0,NULL,1,1,'2010-01-18 11:13:19','Monday',NULL,NULL,NULL,NULL),
(437,'p0_IS1LKjrA',NULL,'Single Leg Internal and External Bent Leg Rotation',NULL,1,1,23,NULL,3,0,NULL,0,1,'2011-06-10 01:53:36','Friday',NULL,NULL,NULL,NULL),
(438,'L6IfkwjmLkg',NULL,'Single Leg Lift And Chop',NULL,1,1,21,NULL,3,1,NULL,0,1,'2010-01-18 11:09:42','Monday',NULL,NULL,NULL,NULL),
(439,'e-3hNEonfkQ',NULL,'Single Leg Squat Toe Touch',NULL,1,1,18,NULL,3,1,NULL,0,1,'2009-12-04 11:17:35','Friday',NULL,NULL,NULL,NULL),
(440,'hf6dTxgzzTw',NULL,'Single Leg Romanian Deadlift',NULL,3,2,3,NULL,3,1,NULL,0,1,'2012-05-26 10:08:41','Saturday',NULL,NULL,NULL,NULL),
(441,'VtNtiKKiBy0',NULL,'Step Up to Balance',NULL,1,1,18,NULL,3,1,NULL,0,1,'2009-11-27 01:48:08','Friday',NULL,NULL,NULL,NULL),
(442,'Tzr21rlkv5M',NULL,'Lunge to Balance',NULL,1,1,21,NULL,3,1,NULL,0,1,'2010-01-18 12:50:28','Monday',NULL,NULL,NULL,NULL),
(444,'OkP0WQNOcz8',NULL,'Single Leg Box Jump Up with Stabilization',NULL,1,1,21,NULL,3,1,NULL,0,1,'2009-12-03 23:14:36','Thursday',NULL,NULL,4,NULL),
(445,'X8ValREUxWo',NULL,'Single Leg Box Jump Down with Stabilization',NULL,1,1,18,NULL,3,1,NULL,0,1,'2009-12-03 23:13:08','Thursday',NULL,NULL,4,NULL),
(446,'jaBaIyTkZLU',NULL,'Single Leg Transverse Box Hop Down with Stabilization',NULL,3,3,18,NULL,3,1,NULL,0,1,'2009-11-27 02:11:28','Friday',NULL,NULL,4,NULL),
(447,'kjbjwRNaolU',NULL,'Single Leg Transverse Box Hop Up with Stabilization',NULL,3,3,21,NULL,3,1,NULL,0,1,'2009-11-27 02:11:50','Friday',NULL,NULL,4,NULL),
(448,'QOlcX4-uMfQ',NULL,'Ice Skater',NULL,1,1,27,NULL,4,1,NULL,0,1,'2011-06-12 17:07:43','Sunday',NULL,NULL,NULL,NULL),
(449,'j3dcJfBM9cI',NULL,'Ball Squat',NULL,1,1,21,NULL,5,1,NULL,0,0,'2010-01-18 14:53:46','Monday',NULL,NULL,NULL,NULL),
(450,'nIjvbhMsGDg',NULL,'Ball Squat Curl to Press',NULL,1,1,30,NULL,5,1,NULL,0,0,'2010-01-18 14:53:59','Monday',NULL,NULL,NULL,NULL),
(453,'dpkzGZUNIZQ',NULL,'Lunge, Curl, to Press',NULL,1,1,30,NULL,5,1,NULL,0,1,'2010-01-18 12:50:35','Monday',NULL,NULL,NULL,NULL),
(454,'jTHCB6rQ6wo',NULL,'Squat to Press',NULL,1,1,30,NULL,5,1,NULL,0,0,'2009-12-11 12:32:27','Friday',NULL,NULL,NULL,NULL),
(455,'WoIv3pe4Xq0',NULL,'Medicine Ball Chest Pass',NULL,1,1,26,NULL,4,1,NULL,0,0,'2009-12-04 00:13:40','Friday',NULL,NULL,NULL,NULL),
(457,'V69qpniKZYE',NULL,'Medicine Ball Pullover Throw',NULL,1,1,2,NULL,4,1,NULL,0,0,'2009-12-08 20:01:18','Tuesday',NULL,NULL,NULL,NULL),
(458,'SpUebqJ_6WQ',NULL,'Woodchop Throw',NULL,1,1,2,NULL,4,1,NULL,0,0,'2009-12-08 20:02:01','Tuesday',NULL,NULL,NULL,NULL),
(459,'ui3QsLAaozM',NULL,'Medicine Ball Vertical Puts',NULL,1,1,11,NULL,4,1,NULL,0,1,'2009-12-15 17:10:54','Tuesday',NULL,NULL,NULL,NULL),
(460,'BHyCjv3gb7s',NULL,'Two Hand Medicine Ball Puts',NULL,1,1,11,NULL,4,1,NULL,0,0,'2009-11-27 00:47:53','Friday',NULL,NULL,NULL,NULL),
(461,'X67ulETsWZQ',NULL,'Single Arm Wall Dribble',NULL,1,1,15,NULL,4,1,NULL,0,1,'2009-12-03 23:16:40','Thursday',NULL,NULL,NULL,NULL),
(462,'GU96aqyQhxM',NULL,'Double Arm Wall Dribble',NULL,1,1,15,NULL,4,1,NULL,0,0,'2009-12-04 13:18:31','Friday',NULL,NULL,NULL,NULL),
(463,'A3Jh_ObgciA',NULL,'Glute-Ham Raise',NULL,1,1,17,NULL,5,1,NULL,0,0,'2010-01-13 03:11:14','Wednesday',NULL,NULL,NULL,NULL),
(464,'ZNgo-qfsI2Y',NULL,'Chest Stretch (hands on low back)',NULL,1,1,26,NULL,1,0,NULL,1,0,'2010-01-18 14:29:09','Monday',NULL,NULL,NULL,NULL),
(465,'_uFPBubEVXE',NULL,'Standing Hamstring Stretch, Crossed feet',NULL,1,1,17,NULL,1,0,NULL,1,1,'2010-01-18 08:58:49','Monday',NULL,NULL,NULL,NULL),
(467,'vJe3RXTHJ7Q',NULL,'Seated Hamstring stretch, Feet Together',NULL,1,1,17,NULL,1,1,NULL,1,0,'2010-01-18 11:30:32','Monday',NULL,NULL,NULL,NULL),
(468,'DxDQFXaenbo',NULL,'Standing Hamstring stretch, Feet Apart',NULL,1,1,17,NULL,1,1,NULL,1,0,'2010-01-25 01:30:31','Monday',NULL,NULL,NULL,NULL),
(469,'vS0DYOUL8FI',NULL,'Seated Hamstring stretch, Legs Apart',NULL,1,1,17,NULL,1,0,NULL,1,1,'2010-01-25 01:31:03','Monday',NULL,NULL,NULL,NULL),
(470,'IqXW79rPiV4',NULL,'Seated Hamstring stretch, Single Leg',NULL,1,1,17,NULL,1,0,NULL,1,1,'2010-01-25 01:33:46','Monday',NULL,NULL,NULL,NULL),
(471,'Ezbfb0iiObA',NULL,'Knee Flops',NULL,1,1,23,NULL,1,1,NULL,1,0,'2010-01-18 13:03:28','Monday',NULL,NULL,NULL,NULL),
(472,'UyVW5ikKErY',NULL,'Ankle Rolls',NULL,1,1,20,NULL,1,1,NULL,1,0,'2010-01-18 15:03:26','Monday',NULL,NULL,NULL,NULL),
(473,'GGk-8lfEI58',NULL,'Ankle Flops',NULL,1,1,20,NULL,1,1,NULL,1,0,'2010-01-18 15:03:45','Monday',NULL,NULL,NULL,NULL),
(474,'_gYLfRp_xf4',NULL,'Sprinter\'s Calf Stretch',NULL,1,1,19,NULL,1,1,NULL,1,1,'2010-01-18 09:08:43','Monday',NULL,NULL,NULL,NULL),
(475,'wseIeRdYkRE',NULL,'Kneeling Lat Stretch',NULL,1,1,2,NULL,1,0,NULL,1,1,'2010-01-18 13:01:32','Monday',NULL,NULL,NULL,NULL),
(476,'CLIih9wbGOc',NULL,'Kneeling Upper Back Stretch',NULL,1,1,1,NULL,1,1,NULL,1,1,'2010-01-18 13:00:31','Monday',NULL,NULL,NULL,NULL),
(477,'PcTpinHZotk',NULL,'Squat X Press',NULL,1,1,30,NULL,5,1,NULL,0,0,'2010-01-18 09:07:36','Monday',NULL,NULL,NULL,NULL),
(478,'VIQad4K0xU8',NULL,'Sphinx Push Up',NULL,3,3,15,NULL,5,1,NULL,0,0,'2010-02-15 18:56:27','Monday',NULL,NULL,NULL,NULL),
(479,'H8lXz5znHF0',NULL,'Banana',NULL,1,1,8,NULL,2,0,NULL,1,0,'2011-06-15 05:03:32','Wednesday',NULL,NULL,NULL,NULL),
(480,'23E2pWxoWjU',NULL,'Boat',NULL,1,1,23,NULL,2,1,NULL,1,0,'2010-01-18 14:47:31','Monday',NULL,NULL,NULL,NULL),
(481,'WgDao2zu2c4',NULL,'Transverse Dumbbell Lift and Press',NULL,1,1,10,NULL,2,1,NULL,0,1,'2010-01-18 08:10:21','Monday',NULL,NULL,2,NULL),
(482,'Gwd_uttHdbc',NULL,'Steam Engine',NULL,1,1,28,NULL,2,1,NULL,0,1,'2010-01-18 08:21:09','Monday',NULL,NULL,NULL,NULL),
(483,'7hN9jvKB4Wo',NULL,'Light Bar (EZ or Barbell) Pullovers',NULL,1,1,2,NULL,5,1,NULL,0,0,'2010-01-18 15:27:46','Monday',NULL,NULL,NULL,NULL),
(484,'14cY-0mpWJ0',NULL,'Light Dumbbell Pullovers',NULL,1,1,2,NULL,5,1,NULL,0,0,'2009-12-10 22:42:26','Thursday',NULL,NULL,NULL,NULL),
(485,'swl3yAhiT_s',NULL,'Light Barbell Push Press',NULL,1,1,11,NULL,5,1,NULL,0,0,'2009-12-16 06:12:56','Wednesday',NULL,NULL,NULL,NULL),
(486,'Yh20UYr80E8',NULL,'Light Lying Tricep Extensions',NULL,1,1,15,NULL,5,1,NULL,0,0,'2010-01-18 15:41:47','Monday',NULL,NULL,NULL,NULL),
(487,'a1pyWRimnh0',NULL,'Light Front Squat onto toes',NULL,1,1,18,NULL,5,1,NULL,0,0,'2009-12-20 18:55:40','Sunday',NULL,NULL,NULL,NULL),
(488,'xrpbiYJh-_4',NULL,'Light Deadlift',NULL,3,3,21,NULL,5,1,NULL,0,0,'2011-07-15 23:18:44','Friday',NULL,NULL,NULL,NULL),
(489,'FqSn-7ZEs0k',NULL,'Light Barbell Hip Thrust',NULL,4,4,21,NULL,5,1,NULL,0,0,'2009-12-22 17:29:09','Tuesday',NULL,NULL,NULL,NULL),
(490,'Sc63ie06RZg',NULL,'Light Barbell Bench Press',NULL,1,1,26,NULL,5,1,NULL,0,0,'2011-06-10 01:52:29','Friday',NULL,NULL,NULL,NULL),
(491,'uHUknztj-O8',NULL,'Light Incline Bench Press, Barbell',NULL,1,1,25,NULL,5,1,NULL,0,0,'2012-02-20 19:27:09','Monday',NULL,NULL,NULL,NULL),
(492,'470vmncAt_E',NULL,'Light Jerks',NULL,3,3,11,NULL,5,1,NULL,0,0,'2009-12-20 19:21:19','Sunday',NULL,NULL,NULL,NULL),
(493,'HJgwftb5ZuU',NULL,'Light Hang Clean',NULL,3,3,27,NULL,5,1,NULL,0,0,'2009-12-20 19:02:56','Sunday',NULL,NULL,NULL,NULL),
(494,'jg_ZZpNjyao',NULL,'Light Hang Snatch',NULL,3,4,27,NULL,5,1,NULL,0,0,'2009-12-20 19:20:34','Sunday',NULL,NULL,NULL,NULL),
(495,'Gh54W00Hkow',NULL,'Light Single Arm Dumbbell Snatch',NULL,3,3,27,NULL,5,1,NULL,0,1,'2009-12-20 19:31:59','Sunday',NULL,NULL,NULL,NULL),
(497,'UlcvXN1ETG0',NULL,'Hurdler Stretch, Hamstring',NULL,1,1,17,NULL,1,0,NULL,1,1,'2010-01-18 13:34:38','Monday',NULL,NULL,NULL,NULL),
(498,'E6h0svfl4rU',NULL,'Hurdler Stretch, Quads',NULL,1,1,18,NULL,1,0,NULL,1,1,'2011-02-21 19:19:27','Monday',NULL,NULL,NULL,NULL),
(499,'GXvolk2V7Sg',NULL,'Clean and Jerk',NULL,3,3,30,NULL,5,1,NULL,0,0,'2009-12-04 14:01:22','Friday',NULL,NULL,NULL,NULL),
(500,'1C1aPYY_6lI',NULL,'Light Hang Clean and Jerk',NULL,1,1,30,NULL,5,1,NULL,0,0,'2009-12-20 18:56:50','Sunday',NULL,NULL,NULL,NULL),
(501,'59HG9mkSnDA',NULL,'Hang Snatch',NULL,3,4,27,NULL,5,1,NULL,0,0,'2009-12-04 01:07:34','Friday',NULL,NULL,NULL,NULL),
(502,'Aw44GLGXtxo',NULL,'Hang Clean',NULL,3,3,27,NULL,5,1,NULL,0,0,'2009-12-04 01:18:45','Friday',NULL,NULL,NULL,NULL),
(503,'X0tbjCyPXTA',NULL,'Power Clean',NULL,3,3,27,NULL,5,1,NULL,0,0,'2009-12-04 00:06:30','Friday',NULL,NULL,NULL,NULL),
(504,'db0lsuWVDQc',NULL,'Power Snatch',NULL,3,4,27,NULL,5,1,NULL,0,0,'2009-12-04 00:00:54','Friday',NULL,NULL,NULL,NULL),
(505,'t4RppKnyLvE',NULL,'Hang Power Clean',NULL,3,3,27,NULL,5,1,NULL,0,0,'2009-12-04 01:16:01','Friday',NULL,NULL,NULL,NULL),
(506,'3gzZIVFJ_L0',NULL,'Hang Power Snatch',NULL,3,4,27,NULL,5,1,NULL,0,0,'2009-12-04 01:14:47','Friday',NULL,NULL,NULL,NULL),
(649,'FH3uVR1e2hw',NULL,'Single Arm Lateral Raise, Seated, Cable',NULL,1,1,11,NULL,5,0,NULL,0,1,'2010-01-18 07:32:45','Monday',NULL,NULL,NULL,NULL),
(508,'T7JF-e11mgw',NULL,'Reverse Overhead Dumbbell Laterals',NULL,1,1,13,NULL,5,1,NULL,0,0,'2010-01-18 11:49:36','Monday',NULL,NULL,NULL,NULL),
(511,'JvTS_va3-5w',NULL,'Cable Reverse Flys',NULL,1,1,13,NULL,5,1,NULL,0,0,'2010-01-21 14:15:25','Thursday',NULL,NULL,NULL,NULL),
(512,'2Ti_mfami8M',NULL,'Lying Side Lateral Raises',NULL,1,1,11,NULL,5,1,NULL,0,1,'2010-01-18 07:33:14','Monday',NULL,NULL,NULL,NULL),
(513,'g7MBxg-oGsY',NULL,'Heavy (Cheat) Upright Rows',NULL,4,4,1,NULL,5,1,NULL,0,0,'2010-02-01 23:56:39','Monday',NULL,NULL,NULL,NULL),
(515,'JpJZunb8SJ4',NULL,'Cable Crossover, Up',NULL,1,1,26,NULL,5,1,NULL,0,0,'2010-01-18 14:43:16','Monday',NULL,NULL,NULL,NULL),
(516,'yPgQf8Fe57c',NULL,'Flat Bench Cable Crossovers',NULL,1,1,26,NULL,5,1,NULL,0,0,'2011-06-10 01:52:07','Friday',NULL,NULL,NULL,NULL),
(517,'5urOkj_jlqU',NULL,'Machine Flies',NULL,1,1,26,NULL,5,1,NULL,0,0,'2009-12-16 06:46:51','Wednesday',NULL,NULL,NULL,NULL),
(518,'14cY-0mpWJ0',NULL,'Straight Arm Dumbbell Pullover',NULL,1,1,2,NULL,5,1,NULL,0,0,'2009-12-16 07:31:29','Wednesday',NULL,NULL,NULL,NULL),
(519,'IMy9ATjNh9U',NULL,'Twisting Cable Crunch',NULL,1,1,10,NULL,2,1,NULL,0,0,'2009-12-10 15:52:17','Thursday',NULL,NULL,NULL,NULL),
(520,'Ub5GXF0CRTU',NULL,'One Arm Cable Crunch',NULL,3,3,10,NULL,2,1,NULL,0,1,'2009-12-04 11:28:20','Friday',NULL,NULL,NULL,NULL),
(521,'XbiJXW8nSsQ',NULL,'Hanging Serratus Crunch',NULL,3,3,10,NULL,2,1,NULL,0,0,'2009-12-15 18:00:50','Tuesday',NULL,NULL,NULL,NULL),
(522,'UXdZ7nlvQhw',NULL,'Wide Grip Pulldown',NULL,1,1,2,NULL,5,1,NULL,0,0,'2010-01-19 01:48:38','Tuesday',NULL,NULL,NULL,NULL),
(523,'xquIqkzU6QE',NULL,'Single Arm Cable Row',NULL,3,3,2,NULL,5,1,NULL,0,1,'2010-01-18 11:14:15','Monday',NULL,NULL,NULL,NULL),
(524,'at9bxE5OdoM',NULL,'Seated Row Neutral Grip',NULL,1,1,2,NULL,5,1,NULL,0,0,'2009-12-08 20:18:16','Tuesday',NULL,NULL,NULL,NULL),
(525,'0GDIMvCm0zc',NULL,'Seated Row Wide Grip',NULL,1,1,2,NULL,5,1,NULL,0,0,'2009-12-08 20:22:32','Tuesday',NULL,NULL,NULL,NULL),
(526,'ed_lLwE4ruc',NULL,'Seated Row Underhand Grip',NULL,1,1,2,NULL,5,1,NULL,0,0,'2009-12-10 22:25:46','Thursday',NULL,NULL,NULL,NULL),
(527,'nI9wr_JTzz0',NULL,'Seated Single Arm Cable Row',NULL,1,1,2,NULL,5,1,NULL,0,1,'2010-02-03 01:01:55','Wednesday',NULL,NULL,NULL,NULL),
(528,'K4zl-r_l4Gc',NULL,'Standing Wide Grip Cable Row',NULL,1,1,2,NULL,5,1,NULL,0,0,'2009-12-09 18:32:10','Wednesday',NULL,NULL,NULL,NULL),
(529,'lkyuGs0tx7U',NULL,'Standing Underhand Grip Cable Row',NULL,1,1,2,NULL,5,1,NULL,0,0,'2009-12-09 18:31:33','Wednesday',NULL,NULL,NULL,NULL),
(530,'vuSFC9dRdXQ',NULL,'Standing Neutral Grip Cable Row',NULL,1,1,2,NULL,5,1,NULL,0,0,'2009-12-09 18:30:58','Wednesday',NULL,NULL,NULL,NULL),
(531,'M9hhfINzE0w',NULL,'Standing Single Arm Cable Row',NULL,1,1,2,NULL,5,1,NULL,0,1,'2009-12-04 11:02:24','Friday',NULL,NULL,NULL,NULL),
(532,'deNII2SrOVo',NULL,'Reverse Hyperextension',NULL,1,1,21,NULL,5,1,NULL,0,0,'2010-01-18 11:52:19','Monday',NULL,NULL,NULL,NULL),
(533,'r3krXnBROa4',NULL,'Heavy (Cheat) Curls',NULL,3,3,14,NULL,5,1,NULL,0,0,'2009-12-16 07:43:11','Wednesday',NULL,NULL,NULL,NULL),
(534,'ZALKO5L-cHE',NULL,'Lying (Bench) Dumbbell Curls',NULL,1,1,14,NULL,5,1,NULL,0,0,'2010-01-18 12:49:13','Monday',NULL,NULL,NULL,NULL),
(535,'AsAJAx3QAz8',NULL,'Single Arm Cable Reverse Pressdown',NULL,1,1,15,NULL,5,0,NULL,0,1,'2010-01-11 03:26:54','Monday',NULL,NULL,NULL,NULL),
(536,'87NgnUOYrJE',NULL,'Close Grip Bench',NULL,1,1,15,NULL,5,1,NULL,0,0,'2010-01-18 14:26:37','Monday',NULL,NULL,NULL,NULL),
(537,'jC7NTlz-zQo',NULL,'Jackknife Push Ups (rings)',NULL,1,1,15,NULL,5,1,NULL,0,0,'2010-01-18 13:04:13','Monday',NULL,538,NULL,NULL),
(538,'Pv2t9bOo5Xo',NULL,'Jackknife Push Ups (bar)',NULL,1,1,15,NULL,5,1,NULL,0,0,'2010-01-18 13:03:47','Monday',NULL,NULL,NULL,NULL),
(539,'BDq_lIcZ4OI',NULL,'Behind the Back Wrist Curl',NULL,1,1,16,NULL,5,0,NULL,0,0,'2010-01-18 14:52:07','Monday',NULL,NULL,NULL,NULL),
(540,'7OUWnOmDzF0',NULL,'Preacher Reverse Curl',NULL,1,1,16,NULL,5,1,NULL,0,0,'2011-06-13 16:51:02','Monday',NULL,NULL,NULL,NULL),
(541,'ZNIsgZPV89I',NULL,'Sissy Squats',NULL,1,1,18,NULL,5,1,NULL,0,0,'2009-12-04 11:15:33','Friday',NULL,NULL,NULL,NULL),
(542,'hQi7j8YSHSU',NULL,'Rocky Sit Up',NULL,1,1,8,NULL,2,1,NULL,0,1,'2009-12-10 14:20:12','Thursday',NULL,NULL,NULL,NULL),
(543,'qhghuA6EpDA',NULL,'Twisting Crunch',NULL,1,1,10,NULL,2,1,NULL,0,0,'2009-12-15 17:56:14','Tuesday',NULL,NULL,NULL,NULL),
(544,'Am07-iCzrrA',NULL,'Side Crunch',NULL,1,1,10,NULL,2,1,NULL,0,1,'2009-12-16 06:07:03','Wednesday',NULL,NULL,NULL,NULL),
(545,'1HyXlzqrJEs',NULL,'Seated Knee Tucks',NULL,1,1,7,NULL,2,1,NULL,0,0,'2009-12-10 13:43:06','Thursday',NULL,NULL,NULL,NULL),
(546,'tvcPyIVpqUo',NULL,'V-Ups',NULL,1,1,28,NULL,2,1,NULL,0,0,'2009-12-15 17:15:24','Tuesday',NULL,NULL,NULL,NULL),
(547,'MCxl3XGrCZo',NULL,'Twisting Hanging Leg Raises',NULL,1,1,10,NULL,2,1,NULL,0,1,'2009-12-15 17:49:19','Tuesday',NULL,NULL,NULL,NULL),
(548,'I7OaJznwWXk',NULL,'Twisting Hanging Knee Raises',NULL,1,1,10,NULL,2,1,NULL,0,1,'2009-12-15 17:47:25','Tuesday',NULL,NULL,NULL,NULL),
(549,'4_7gXJg_SYc',NULL,'Vacuums',NULL,1,1,9,NULL,2,1,NULL,0,0,'2010-01-18 07:27:41','Monday',NULL,NULL,NULL,NULL),
(550,'070fQzJo2mY',NULL,'Prone Rear Leg Scissors ',NULL,1,1,21,NULL,2,1,NULL,0,0,'2009-12-14 17:03:56','Monday',NULL,NULL,NULL,NULL),
(551,'PcSacDZk72Q',NULL,'Flutter Kicks',NULL,1,1,22,NULL,2,1,NULL,0,0,'2009-12-11 16:21:07','Friday',NULL,NULL,NULL,NULL),
(552,'8VuzMAbialY',NULL,'Supine Scissors',NULL,1,1,22,NULL,2,1,NULL,0,0,'2009-12-04 10:59:41','Friday',NULL,NULL,NULL,NULL),
(553,'p1KwccPapEI',NULL,'Leg Kickbacks',NULL,1,1,21,NULL,2,1,NULL,0,1,'2009-12-14 18:09:06','Monday',NULL,NULL,NULL,NULL),
(554,'xRibLXz3ZS8',NULL,'Fire Hydrant',NULL,1,1,23,NULL,2,1,NULL,0,1,'2009-12-11 16:07:27','Friday',NULL,NULL,NULL,NULL),
(555,'Dpc53JjRvgc',NULL,'Cross Dips',NULL,4,4,26,NULL,5,1,NULL,0,0,'2010-01-18 14:23:05','Monday',NULL,NULL,NULL,NULL),
(557,'79UtXPtwS6s',NULL,'Front Lever (bar)',NULL,3,1,9,NULL,2,1,NULL,1,0,'2011-06-19 16:40:24','Sunday',NULL,NULL,NULL,NULL),
(558,'pQiHXAT4ifA',NULL,'Ring Dips',NULL,3,3,15,NULL,5,1,NULL,0,0,'2010-01-18 11:47:28','Monday',NULL,NULL,NULL,NULL),
(559,'yfXbqW6YYEI',NULL,'Ring Push Ups',NULL,3,3,26,NULL,5,1,NULL,0,0,'2010-02-03 00:52:28','Wednesday',NULL,NULL,NULL,NULL),
(560,'AQi_UWpiJug',NULL,'Reverse Grip Ring Push Ups',NULL,3,3,26,NULL,5,1,NULL,0,0,'2010-01-18 11:50:11','Monday',NULL,NULL,NULL,NULL),
(561,'oAF5Yw6VMEI',NULL,'Archer Push Ups',NULL,3,3,26,NULL,5,1,NULL,0,1,'2010-01-18 15:01:57','Monday',NULL,NULL,NULL,NULL),
(563,'rA6BDX87zTg',NULL,'Crescent Push Ups (rings)',NULL,3,3,26,NULL,5,1,NULL,0,0,'2010-01-18 14:25:14','Monday',NULL,NULL,NULL,NULL),
(564,'gl_Eh56y7pY',NULL,'Archer Rows (rings)',NULL,3,3,2,NULL,5,1,NULL,0,0,'2010-01-18 15:01:28','Monday',NULL,NULL,NULL,NULL),
(565,'84RM3LAbqjI',NULL,'Support Holds (rings)',NULL,3,3,11,NULL,5,1,NULL,1,0,'2010-01-18 08:14:34','Monday',NULL,NULL,NULL,NULL),
(567,'UsveUe8C1_A',NULL,'L Pull Ups (rings)',NULL,3,3,2,NULL,5,1,NULL,0,0,'2009-12-09 18:17:10','Wednesday',NULL,568,NULL,NULL),
(568,'HKKFTPYUWsE',NULL,'L Pull Ups (bar)',NULL,3,3,2,NULL,5,1,NULL,0,0,'2009-12-10 22:38:48','Thursday',NULL,NULL,NULL,NULL),
(569,'OT4DqCUyJYY',NULL,'False Grip Pull Ups (rings)',NULL,3,3,16,NULL,5,1,NULL,0,0,'2009-12-15 12:44:26','Tuesday',NULL,NULL,NULL,NULL),
(570,'XhY6y6UfTf0',NULL,'Handstand ',NULL,2,2,11,NULL,3,1,NULL,1,0,'2010-01-18 13:36:43','Monday',NULL,NULL,NULL,NULL),
(574,'2C9ltr8sUSk',NULL,'Hanging 3 Way Leg Raise ',NULL,4,3,28,NULL,2,1,NULL,0,0,'2010-01-11 02:50:56','Monday',NULL,NULL,NULL,NULL),
(575,'Eld_7y1cCx8',NULL,'Skin the Cat (rings)',NULL,4,3,11,NULL,1,1,NULL,1,0,'2010-01-18 09:11:46','Monday',NULL,NULL,NULL,NULL),
(576,'rNAAZTsETEM',NULL,'L Sit (rings)',NULL,3,3,8,NULL,2,0,NULL,1,0,'2010-01-18 12:55:07','Monday',NULL,NULL,NULL,NULL),
(584,'',NULL,'Iron Cross',NULL,4,5,26,NULL,5,1,NULL,1,0,'2009-11-11 03:00:33','Wednesday',NULL,NULL,NULL,NULL),
(585,'TZDKBnuOLFg',NULL,'Body Weight Rows (bar)',NULL,1,1,2,NULL,5,1,NULL,0,0,'2009-12-08 20:26:09','Tuesday',NULL,NULL,NULL,NULL),
(586,'ws086DGCNjk',NULL,'Skin the Cat (bar)',NULL,3,3,11,NULL,1,1,NULL,1,0,'2010-01-08 00:27:50','Friday',NULL,NULL,NULL,NULL),
(587,'9u3uB7NqHaU',NULL,'Double Unders',NULL,3,3,27,NULL,4,1,NULL,0,0,'2009-11-25 11:11:07','Wednesday',NULL,NULL,NULL,NULL),
(588,'A_UXDoUOuAE',NULL,'Sumo Deadlift High Pull',NULL,1,1,30,NULL,5,1,NULL,0,0,'2010-01-18 08:17:20','Monday',NULL,NULL,NULL,NULL),
(589,'A_UXDoUOuAE',NULL,'Light Sumo Deadlift High Pull',NULL,1,1,30,NULL,5,1,NULL,0,0,'2010-01-18 08:17:28','Monday',NULL,NULL,NULL,NULL),
(590,'dpFb9RF2YKk',NULL,'Thruster',NULL,2,3,30,NULL,5,1,NULL,0,0,'2009-11-27 00:53:33','Friday',NULL,NULL,NULL,NULL),
(591,'6kKiqepjBgE',NULL,'Light Thruster',NULL,2,3,30,NULL,5,1,NULL,0,0,'2009-12-20 19:46:01','Sunday',NULL,NULL,NULL,NULL),
(627,'_SDsKNR13_w',NULL,'Bulgarian Split Squat (Dumbbells) ',NULL,1,1,21,NULL,5,1,NULL,0,1,'2009-12-04 14:09:47','Friday',NULL,NULL,NULL,NULL),
(593,'mR5Vwfy9JNs',NULL,'Transverse Box Hop (Up) with Stabilization',NULL,1,1,27,NULL,4,1,NULL,0,0,'2009-11-27 00:50:32','Friday',NULL,NULL,NULL,NULL),
(594,'QSwvzNUnpYA',NULL,'Transverse Box Hop (Down) with Stabilization',NULL,1,1,27,NULL,4,1,NULL,0,0,'2009-11-27 00:51:51','Friday',NULL,NULL,NULL,NULL),
(595,'RBbqw6sWIUs',NULL,'Squat ',NULL,3,2,21,NULL,5,1,NULL,0,0,'2009-11-27 01:52:09','Friday',NULL,NULL,NULL,NULL),
(596,'1yug0fapfNg',NULL,'Squat onto Toes',NULL,1,1,27,NULL,5,1,NULL,0,0,'2009-11-27 01:55:11','Friday',NULL,NULL,NULL,NULL),
(597,'sQ-lekecIqY',NULL,'Split Jerk',NULL,3,3,27,NULL,5,1,NULL,0,0,'2009-11-27 02:00:17','Friday',NULL,NULL,NULL,NULL),
(598,'lpyrzh8yFZU',NULL,'Single Leg Transverse Hop with Stabilization',NULL,1,1,21,NULL,3,1,NULL,0,1,'2009-11-27 02:09:28','Friday',NULL,NULL,NULL,NULL),
(599,'17FltYwRP6Q',NULL,'Single Leg Medial Hop with Stabilization',NULL,1,1,21,NULL,4,1,NULL,0,1,'2009-11-27 02:17:13','Friday',NULL,NULL,3,NULL),
(600,'CmsG_Kg9SzQ',NULL,'Single Leg Lateral Hops',NULL,1,1,21,NULL,4,1,NULL,0,1,'2009-11-27 02:18:53','Friday',NULL,NULL,NULL,NULL),
(601,'CLibMAltcoU',NULL,'Single Leg Box Jump Over',NULL,3,3,27,NULL,4,1,NULL,0,1,'2010-02-08 23:17:37','Monday',NULL,NULL,NULL,NULL),
(602,'LZb67jHIQAE',NULL,'Single Leg Bounds',NULL,3,3,27,NULL,4,1,NULL,0,1,'2009-11-27 02:24:55','Friday',NULL,NULL,NULL,NULL),
(603,'b8p1qdJYY10',NULL,'Single Leg Backward Hop with Stabilization',NULL,1,1,21,NULL,3,1,NULL,0,1,'2009-11-27 02:27:06','Friday',NULL,NULL,4,NULL),
(604,'TEvQB9FAdjs',NULL,'Weighted Incline Sit Up',NULL,2,2,8,NULL,2,1,NULL,0,0,'2009-12-10 14:17:30','Thursday',NULL,NULL,NULL,NULL),
(605,'saqBO3ogsZQ',NULL,'Extended Incline Weighted Sit Up',NULL,2,2,8,NULL,2,1,NULL,0,0,'2009-12-10 14:16:51','Thursday',NULL,NULL,NULL,NULL),
(606,'v=CLibMAltcoU',NULL,'Single Leg Box Jump Over',NULL,3,3,27,NULL,4,1,NULL,0,1,'2009-12-03 22:55:58','Thursday',NULL,NULL,NULL,NULL),
(607,'y9YQWU2IkV0',NULL,'Single Arm Medicine Ball Puts',NULL,1,1,11,NULL,4,1,NULL,0,1,'2009-12-03 23:19:50','Thursday',NULL,NULL,NULL,NULL),
(608,'OWwNKocz7o0',NULL,'Single Arm Medicine Ball Pullover Throw',NULL,1,1,2,NULL,4,1,NULL,0,1,'2009-12-03 23:22:15','Thursday',NULL,NULL,NULL,NULL),
(609,'BaQ7ffW-NP4',NULL,'Single Arm Kettlebell Swing',NULL,1,1,27,NULL,5,1,NULL,0,1,'2009-12-03 23:25:09','Thursday',NULL,NULL,NULL,NULL),
(610,'llVmJFggCvM',NULL,'Single Arm Dumbbell Swing',NULL,1,1,27,NULL,5,1,NULL,0,1,'2009-12-03 23:27:57','Thursday',NULL,NULL,NULL,NULL),
(611,'0KzoVrZP6Dg',NULL,'Single Arm Dumbbell Push Press',NULL,1,1,11,NULL,4,1,NULL,0,1,'2009-12-03 23:35:13','Thursday',NULL,NULL,NULL,NULL),
(612,'dC4bkIOjVH0',NULL,'Rotational Medicine Ball Chest Pass',NULL,1,1,26,NULL,4,1,NULL,0,0,'2009-12-03 23:37:14','Thursday',NULL,NULL,NULL,NULL),
(613,'4irgznWqV6g',NULL,'Push Press',NULL,1,1,11,NULL,5,1,NULL,0,0,'2009-12-03 23:44:31','Thursday',NULL,NULL,NULL,NULL),
(615,'vuC9nMx5AxA',NULL,'Prone Cobra on Stability Ball',NULL,1,1,1,NULL,2,1,NULL,0,0,'2011-06-13 16:29:21','Monday',NULL,614,NULL,NULL),
(616,'J3o8GXbJb3E',NULL,'Power Clean and Jerk',NULL,3,3,27,NULL,5,1,NULL,0,0,'2009-12-04 00:08:59','Friday',NULL,NULL,NULL,NULL),
(617,'7-g0QPaCWAA',NULL,'Medial Single Leg Box Jump',NULL,1,1,24,NULL,4,1,NULL,0,1,'2009-12-04 00:16:16','Friday',NULL,NULL,NULL,NULL),
(618,'gI11RgVx0ss',NULL,'Lateral Single Leg Hop with Stabilization',NULL,1,1,23,NULL,4,1,NULL,0,1,'2009-12-04 00:41:03','Friday',NULL,NULL,3,NULL),
(619,'0huuunZtBzM',NULL,'Lateral Single Leg Box Jump',NULL,2,2,23,NULL,4,1,NULL,0,1,'2009-12-04 00:45:10','Friday',NULL,NULL,NULL,NULL),
(620,'g5vaDTIAoy4',NULL,'Lateral Box Jump Over',NULL,3,3,21,NULL,4,1,NULL,0,0,'2009-12-04 00:53:01','Friday',NULL,NULL,NULL,NULL),
(621,'euirPVfC6N0',NULL,'Kettlebell Swing',NULL,2,2,27,NULL,5,1,NULL,0,0,'2009-12-04 01:01:24','Friday',NULL,NULL,NULL,NULL),
(622,'aj8R-rvhVQM',NULL,'Hang Snatch Pull',NULL,3,3,27,NULL,5,1,NULL,0,0,'2009-12-04 01:10:14','Friday',NULL,NULL,NULL,NULL),
(623,'_O27MNHrZQs',NULL,'Hang Power Clean and Jerk',NULL,3,3,30,NULL,5,1,NULL,0,0,'2009-12-04 01:17:57','Friday',NULL,NULL,NULL,NULL),
(624,'4frTR-t41s8',NULL,'Hang Clean Pull',NULL,3,3,27,NULL,5,1,NULL,0,0,'2009-12-04 01:20:07','Friday',NULL,NULL,NULL,NULL),
(625,'3bwxHD4ThwE',NULL,'Hang Clean and Jerk',NULL,3,3,30,NULL,5,1,NULL,0,0,'2009-12-04 01:22:29','Friday',NULL,NULL,NULL,NULL),
(626,'Jmb9KcLUISI',NULL,'Front Squat onto Toes',NULL,1,1,27,NULL,5,1,NULL,0,0,'2009-12-04 01:31:58','Friday',NULL,NULL,NULL,NULL),
(628,'CU_BKlfnZw0',NULL,'Box Squat',NULL,3,3,21,NULL,5,1,NULL,0,0,'2009-12-04 14:15:26','Friday',NULL,NULL,NULL,NULL),
(629,'HDHtMFDGExg',NULL,'Box Jump Over',NULL,3,3,27,NULL,4,1,NULL,0,0,'2009-12-04 14:17:55','Friday',NULL,NULL,NULL,NULL),
(630,'1-HzyzW1_wk',NULL,'Box Jump (Up) with Stabilization',NULL,1,1,21,NULL,4,1,NULL,0,0,'2009-12-04 14:19:36','Friday',NULL,NULL,3,NULL),
(631,'QNpMpPhwYrA',NULL,'Box Jump (Down) with Stabilization',NULL,1,1,21,NULL,4,1,NULL,0,0,'2009-12-04 14:21:10','Friday',NULL,NULL,3,NULL),
(632,'rBPWOyPzFv0',NULL,'Alternating Bounds',NULL,1,1,27,NULL,4,1,NULL,0,0,'2009-12-04 14:26:01','Friday',NULL,NULL,NULL,NULL),
(648,'k2glzND-Ktg',NULL,'Snatch Grip Deadlift on Platform',NULL,3,3,3,NULL,5,1,NULL,0,0,'2010-01-18 13:48:23','Monday',NULL,133,NULL,NULL),
(633,'KdROS12y6TQ',NULL,'Switch Grip Pull-Ups',NULL,4,4,2,NULL,5,1,NULL,0,0,'2010-02-09 22:27:26','Tuesday',NULL,NULL,NULL,NULL),
(634,'YyHXS9BC8ic',NULL,'Smith Machine Military Press',NULL,2,2,11,NULL,5,1,NULL,0,0,'2011-06-10 01:51:33','Friday',NULL,NULL,NULL,NULL),
(647,'Bmf4HEJ8wLk',NULL,'Pull Ups (Rings)',NULL,1,1,2,NULL,5,1,NULL,0,0,'2009-12-20 20:20:50','Sunday',NULL,NULL,NULL,NULL),
(635,'cVwq5ffdSR4',NULL,'Light Box Squat',NULL,1,1,27,NULL,5,1,NULL,0,0,'2009-12-20 18:43:17','Sunday',NULL,NULL,NULL,NULL),
(636,'QfqGaZiGASQ',NULL,'Light Hang Clean Pull',NULL,3,3,27,NULL,5,1,NULL,0,0,'2009-12-20 19:01:00','Sunday',NULL,NULL,NULL,NULL),
(637,'XMOY0CWCs8Y',NULL,'Light Hang Power Clean and Jerk',NULL,3,3,30,NULL,5,1,NULL,0,0,'2009-12-20 19:06:24','Sunday',NULL,NULL,NULL,NULL),
(638,'HZXg_CxEFaw',NULL,'Light Hang Power Clean',NULL,3,3,27,NULL,5,1,NULL,0,0,'2009-12-20 19:08:15','Sunday',NULL,NULL,NULL,NULL),
(639,'WwifiiXtx7Y',NULL,'Light Hang Power Snatch',NULL,3,3,27,NULL,5,1,NULL,0,0,'2009-12-20 19:16:51','Sunday',NULL,NULL,NULL,NULL),
(640,'jg_ZZpNjyao',NULL,'Light Hang Snatch Pull',NULL,3,3,27,NULL,5,1,NULL,0,0,'2009-12-20 19:17:57','Sunday',NULL,NULL,NULL,NULL),
(641,'vAtYGwZuo1E',NULL,'Light Jump Squat',NULL,2,2,27,NULL,5,1,NULL,0,0,'2009-12-20 19:23:21','Sunday',NULL,NULL,NULL,NULL),
(642,'IDyK_fyehdg',NULL,'Light Kettlebell Swings',NULL,1,1,27,NULL,5,1,NULL,0,0,'2009-12-20 19:29:54','Sunday',NULL,NULL,NULL,NULL),
(643,'PyqmfV3hX1Y',NULL,'Light Push Press',NULL,1,1,11,NULL,5,1,NULL,0,0,'2009-12-20 19:31:18','Sunday',NULL,NULL,NULL,NULL),
(644,'eJkqjYP91cI',NULL,'Light Single Arm Dumbbell Swing',NULL,1,1,27,NULL,5,1,NULL,0,1,'2009-12-20 19:40:22','Sunday',NULL,NULL,NULL,NULL),
(645,'39JZ8e119A8',NULL,'Light Single Arm Kettlebell Swings',NULL,1,1,27,NULL,5,1,NULL,0,1,'2009-12-20 19:38:37','Sunday',NULL,NULL,NULL,NULL),
(646,'vNZiEsxbBU4',NULL,'Light Squat onto Toes',NULL,1,1,27,NULL,5,1,NULL,0,0,'2009-12-20 19:42:18','Sunday',NULL,NULL,NULL,NULL),
(651,'rCE3Ha2OnGQ',NULL,'Weighted Leg Raises (Bench)',NULL,1,1,28,NULL,2,1,NULL,0,0,'2010-01-18 07:25:34','Monday',NULL,NULL,NULL,NULL),
(652,'n_dTJrp2-n8',NULL,'Tubing Upright Row',NULL,1,1,1,NULL,5,1,NULL,0,0,'2010-01-18 07:29:47','Monday',NULL,54,NULL,NULL),
(653,'b5KZ6NUSxcM',NULL,'Tubing Seated Shoulder Press',NULL,1,1,11,NULL,5,1,NULL,0,0,'2010-01-18 07:34:24','Monday',NULL,NULL,NULL,NULL),
(654,'fkHI4wWxY_s',NULL,'Tubing Seated Row',NULL,1,1,2,NULL,5,1,NULL,0,0,'2010-01-18 07:36:16','Monday',NULL,132,NULL,NULL),
(655,'UiYhJbRBtiU',NULL,'Tubing Seated Open Arm Curls',NULL,1,1,14,NULL,5,1,NULL,0,0,'2010-01-18 07:37:16','Monday',NULL,NULL,NULL,NULL),
(656,'W66VPG67jRo',NULL,'Tubing Seated Lateral Raise',NULL,1,1,11,NULL,5,0,NULL,0,0,'2010-01-18 07:39:02','Monday',NULL,47,NULL,NULL),
(657,'YxpagUUCtd0',NULL,'Tubing Seated Kickbacks',NULL,1,1,15,NULL,5,0,NULL,0,0,'2010-01-18 07:40:47','Monday',NULL,NULL,NULL,NULL),
(658,'KKGB-IalPU4',NULL,'Tubing Seated Front Raise',NULL,1,1,11,NULL,5,0,NULL,0,0,'2010-01-18 07:41:42','Monday',NULL,NULL,NULL,NULL),
(659,'cAQNFCkjv74',NULL,'Tubing Seated Bicep Curl',NULL,1,1,14,NULL,5,0,NULL,0,0,'2010-01-18 07:43:25','Monday',NULL,NULL,NULL,NULL),
(660,'ts6dFSzRQuc',NULL,'Tubing Seated Bent Over Lateral Raise',NULL,1,1,13,NULL,5,1,NULL,0,0,'2010-01-18 07:44:19','Monday',NULL,NULL,NULL,NULL),
(661,'rB9gb4LInQM',NULL,'Tubing Seated Bent Arm Lateral Raise',NULL,1,1,11,NULL,5,0,NULL,0,0,'2010-01-18 07:45:26','Monday',NULL,656,NULL,NULL),
(662,'v2MNhfwDwvU',NULL,'Tubing Scaption',NULL,1,1,11,NULL,5,0,NULL,0,0,'2010-01-18 07:46:22','Monday',NULL,NULL,NULL,NULL),
(663,'7Ru7787DlNs',NULL,'Tubing Row',NULL,1,1,2,NULL,5,1,NULL,0,0,'2010-01-18 07:47:51','Monday',NULL,NULL,NULL,NULL),
(664,'5o7hKNTfJkQ',NULL,'Tubing Pull-down',NULL,1,1,2,NULL,5,1,NULL,0,0,'2010-01-18 07:49:20','Monday',NULL,NULL,NULL,NULL),
(665,'etWZZ9FsUHk',NULL,'Tubing Overhead Tricep Extension',NULL,1,1,15,NULL,5,1,NULL,0,0,'2010-01-18 07:50:32','Monday',NULL,NULL,NULL,NULL),
(666,'0bFFY1BANws',NULL,'Tubing Lateral Raise',NULL,1,1,11,NULL,5,0,NULL,0,0,'2010-01-18 07:52:42','Monday',NULL,48,NULL,NULL),
(667,'KMRb0IYxBO4',NULL,'Tubing Incline Press',NULL,1,1,25,NULL,5,1,NULL,0,0,'2010-01-18 07:54:16','Monday',NULL,NULL,NULL,NULL),
(668,'zLKo2tABWa4',NULL,'Tubing Incline Bicep Curl',NULL,1,1,14,NULL,5,0,NULL,0,0,'2010-01-18 07:56:27','Monday',NULL,NULL,NULL,NULL),
(669,'T0ufDbUX8Aw',NULL,'Tubing High Row',NULL,1,1,1,NULL,5,1,NULL,0,0,'2010-01-18 14:41:43','Monday',NULL,712,NULL,NULL),
(670,'ojXx5RmkA6k',NULL,'Tubing Chest Press',NULL,1,1,26,NULL,5,1,NULL,0,0,'2010-01-18 07:59:07','Monday',NULL,NULL,NULL,NULL),
(671,'139g2j-YZvM',NULL,'Tubing Bent Over Row',NULL,1,1,2,NULL,5,1,NULL,0,0,'2010-01-18 08:00:06','Monday',NULL,NULL,NULL,NULL),
(673,'_16MBq_9zUI',NULL,'Tubing Kickbacks',NULL,1,1,15,NULL,5,0,NULL,0,0,'2010-01-18 11:20:16','Monday',NULL,97,NULL,NULL),
(674,'peswEpxTCxM',NULL,'Transverse Step Up, Curl to Press',NULL,1,1,30,NULL,5,1,NULL,0,0,'2010-01-18 08:09:04','Monday',NULL,NULL,NULL,NULL),
(675,'lbVdMZke9CE',NULL,'Support Holds (Bars)',NULL,3,3,11,NULL,5,1,NULL,1,0,'2010-01-18 08:14:28','Monday',NULL,NULL,NULL,NULL),
(676,'AJhbDo2-Lvk',NULL,'Sumo Stance Barbell Squat',NULL,3,3,21,NULL,5,1,NULL,0,0,'2010-01-25 01:04:41','Monday',NULL,NULL,NULL,NULL),
(677,'Bo91u-F1BmQ',NULL,'Step Up, Curl to Press',NULL,1,1,30,NULL,5,1,NULL,0,0,'2010-01-18 08:20:32','Monday',NULL,674,NULL,NULL),
(678,'8pcim54tYLQ',NULL,'Standing Oblique Crunch',NULL,1,1,10,NULL,2,0,NULL,0,1,'2010-01-18 08:23:04','Monday',NULL,NULL,NULL,NULL),
(679,'v6W-390ymhk',NULL,'Standing Hamstring Stretch, Foot Forward',NULL,1,1,17,NULL,1,1,NULL,1,0,'2010-01-18 08:53:34','Monday',NULL,NULL,NULL,NULL),
(680,'j_KRm_2pgeU',NULL,'Standing Achilles Stretch',NULL,1,1,19,NULL,1,1,NULL,1,0,'2010-01-18 09:03:07','Monday',NULL,NULL,NULL,NULL),
(681,'Dys133sYzFE',NULL,'Single Leg, Single Arm Row on Object',NULL,1,1,2,NULL,5,1,NULL,0,0,'2010-01-18 09:16:08','Monday',NULL,NULL,NULL,NULL),
(682,'F7jI5LXFWKY',NULL,'Side Cable Tricep Extension, Single Arm',NULL,1,1,15,NULL,5,0,NULL,0,1,'2010-01-25 01:37:09','Monday',NULL,NULL,NULL,NULL),
(683,'1EDC1ZhI4bg',NULL,'Static Curls (seated)',NULL,1,1,14,NULL,5,0,NULL,0,1,'2010-01-18 11:24:55','Monday',NULL,394,NULL,NULL),
(684,'1nQuQTQdtwU',NULL,'Seated Hamstring stretch, Legs Apart, Single Leg',NULL,1,1,17,NULL,1,1,NULL,1,0,'2010-01-25 01:31:53','Monday',NULL,NULL,NULL,NULL),
(685,'buZ62SRtgeU',NULL,'Seated Calf Stretch, Both Legs',NULL,1,1,19,NULL,1,1,NULL,1,0,'2010-01-18 11:38:30','Monday',NULL,NULL,NULL,NULL),
(686,'OZeyQ3RIXAE',NULL,'Russian Twist with Straight Arms',NULL,2,2,10,NULL,2,1,NULL,0,0,'2010-01-18 11:42:25','Monday',NULL,NULL,NULL,NULL),
(687,'p8HLUFsJbzw',NULL,'Rowing Crunch',NULL,1,1,28,NULL,2,1,NULL,0,0,'2010-01-18 11:46:25','Monday',NULL,NULL,NULL,NULL),
(688,'EjgvVOqU7jc',NULL,'Reverse Crunch',NULL,2,2,22,NULL,2,1,NULL,0,0,'2010-01-18 12:02:26','Monday',NULL,NULL,NULL,NULL),
(689,'r3_Eefjee7s',NULL,'Resistance Band Benchpress',NULL,1,1,26,NULL,5,1,NULL,0,0,'2010-01-18 12:05:06','Monday',NULL,NULL,NULL,NULL),
(690,'wqMmKrMCPMQ',NULL,'Push Up with Feet on Stability Ball',NULL,1,1,25,NULL,5,1,NULL,0,0,'2010-02-03 00:42:57','Wednesday',NULL,NULL,NULL,NULL),
(691,'msaY0V7F-_s',NULL,'Plate Twist (Up)',NULL,1,1,10,NULL,2,1,NULL,0,0,'2010-01-18 12:12:44','Monday',NULL,NULL,NULL,NULL),
(692,'qzR9XAleL0I',NULL,'Plate Twist (Down)',NULL,1,1,10,NULL,2,1,NULL,0,0,'2010-01-18 12:13:15','Monday',NULL,NULL,NULL,NULL),
(693,'cnQOUzT7104',NULL,'Overhead Side Bend',NULL,1,1,10,NULL,2,1,NULL,0,0,'2010-01-18 12:26:03','Monday',NULL,156,NULL,NULL),
(694,'ujZvnTb1Efo',NULL,'One Arm Benchpress, Dumbbell, Neutral Grip',NULL,1,1,26,NULL,5,1,NULL,0,1,'2010-01-18 12:33:03','Monday',NULL,NULL,NULL,NULL),
(695,'TPzY5y9el6s',NULL,'One Arm Benchpress, Dumbbell, Reverse Grip',NULL,1,1,25,NULL,5,1,NULL,0,1,'2010-01-18 12:34:07','Monday',NULL,NULL,NULL,NULL),
(696,'y9bailIyYc4',NULL,'Neck Rolls',NULL,1,1,6,NULL,1,1,NULL,1,0,'2010-01-18 12:36:42','Monday',NULL,NULL,NULL,NULL),
(697,'wrOLgI57djE',NULL,'Machine Reverse Curl',NULL,1,1,16,NULL,5,1,NULL,0,0,'2010-01-18 12:39:35','Monday',NULL,NULL,NULL,NULL),
(698,'40U2XOlJJaY',NULL,'Lying Tricep Extension, Dumbbells, Normal Grip',NULL,1,1,15,NULL,5,1,NULL,0,0,'2010-01-18 12:42:36','Monday',NULL,NULL,NULL,NULL),
(699,'DcQzDWxb54k',NULL,'Lying Tricep Extension, Dumbbells, Neutral Grip',NULL,1,1,15,NULL,5,1,NULL,0,0,'2010-01-18 12:44:24','Monday',NULL,698,NULL,NULL),
(700,'azB08_Rd9hI',NULL,'Knees to Chest Stretch',NULL,1,1,3,NULL,1,1,NULL,1,0,'2010-01-18 12:59:07','Monday',NULL,NULL,NULL,NULL),
(701,'ePl737RjqqE',NULL,'Incline Dumbbell Bench Press',NULL,1,1,25,NULL,5,1,NULL,0,0,'2012-02-20 19:24:57','Monday',NULL,372,NULL,NULL),
(702,'4bRi8JQZpIU',NULL,'Incline Press, Dumbbell, Reverse Grip',NULL,1,1,25,NULL,5,1,NULL,0,0,'2010-01-18 13:16:08','Monday',NULL,NULL,NULL,NULL),
(703,'Of_PvEDPS_4',NULL,'Incline Barbell Tricep Extension',NULL,1,1,15,NULL,5,1,NULL,0,0,'2011-07-15 23:18:17','Friday',NULL,698,NULL,NULL),
(704,'vtNflsI_whI',NULL,'Forward Cable Tricep Extension',NULL,1,1,15,NULL,5,1,NULL,0,0,'2010-01-18 13:42:14','Monday',NULL,NULL,NULL,NULL),
(705,'AOicgOdnfsM',NULL,'Snatch Grip Deadlift',NULL,3,3,3,NULL,5,1,NULL,0,0,'2010-01-18 13:50:10','Monday',NULL,648,NULL,NULL),
(706,'itBi2Z_4JD8',NULL,'Double Swiss Ball Planks',NULL,4,3,9,NULL,2,1,NULL,1,0,'2010-01-18 13:57:36','Monday',NULL,NULL,NULL,NULL),
(707,'iMptfmsvyl0',NULL,'Decline Barbell Tricep Extension',NULL,2,2,15,NULL,5,1,NULL,0,0,'2010-01-18 14:14:08','Monday',NULL,698,NULL,NULL),
(708,'4FHrXJaXiao',NULL,'Reverse Grip Bench, Dumbbells',NULL,1,1,25,NULL,5,1,NULL,0,0,'2010-01-18 14:19:40','Monday',NULL,411,NULL,NULL),
(709,'IwX3eYIWg10',NULL,'Bench Press, Dumbbells, Neutral Grip',NULL,1,1,26,NULL,5,1,NULL,0,0,'2010-01-18 14:20:49','Monday',NULL,11,NULL,NULL),
(710,'BMFQFgLov9s',NULL,'Cable Serratus Crunch',NULL,3,3,10,NULL,2,1,NULL,0,0,'2010-01-18 14:35:00','Monday',NULL,NULL,NULL,NULL),
(711,'w9pIzNKn7vc',NULL,'Cable Kickbacks',NULL,1,1,15,NULL,5,0,NULL,0,0,'2010-01-18 14:39:03','Monday',NULL,NULL,NULL,NULL),
(712,'P4VTFvowPXo',NULL,'Cable High Row',NULL,1,1,1,NULL,5,1,NULL,0,0,'2010-01-18 14:41:10','Monday',NULL,NULL,NULL,NULL),
(713,'ExuDK5iWKM8',NULL,'Single Arm Barbell Row',NULL,3,3,2,NULL,5,1,NULL,0,1,'2010-11-08 15:54:23','Monday',NULL,127,NULL,NULL),
(714,'__mwGSMCiMc',NULL,'Dumbbell Deadstop Rows',NULL,3,3,2,NULL,5,1,NULL,0,1,'2010-11-08 15:55:40','Monday',NULL,127,NULL,NULL),
(715,'-hWBCW8V_U0',NULL,'Lat Stretchers',NULL,2,2,2,NULL,5,1,NULL,0,0,'2010-11-08 15:57:10','Monday',NULL,NULL,NULL,NULL),
(716,'LzWUuFFYr0o',NULL,'Reeves Deadlift',NULL,3,4,1,NULL,5,1,NULL,0,0,'2010-11-08 16:00:12','Monday',NULL,NULL,NULL,NULL),
(718,'HiZjpbrsxSQ',NULL,'Dumbbell Farmer Walk',NULL,3,3,16,NULL,5,1,NULL,1,0,'2011-06-16 04:31:52','Thursday',NULL,NULL,NULL,NULL),
(719,'Wwwv3SjFHMU',NULL,'Spider Man Push-Up',NULL,1,1,26,NULL,2,1,NULL,0,0,'2011-06-10 01:51:05','Friday',NULL,NULL,NULL,NULL),
(720,'tu2FMMPvjw0',NULL,'Inverted Grip Barbell Shoulder Press',NULL,2,3,11,NULL,5,1,NULL,0,0,'2011-06-10 01:51:51','Friday',NULL,NULL,NULL,NULL);
